Time,TaskID,GNBID,Window,Coverage,BatchType,InputDataKB,OutputDataKB,MaxLatency,ComputationMI,WaitTime,ExecTime,NetTime,TotalTime,Status,PDCWaitingTime,SuccessFlag
0.0280,10001,2,Window_0.000,3/6,TIMEOUT,6.00,50.00,2.00,1000,0.0000,0.0125,0.0000,0.0508,S,0.0155,1
0.0280,10025,5,Window_0.000,5/6,TIMEOUT,10.00,50.00,2.00,1000,0.0000,0.0125,0.0000,0.0502,S,0.0155,1
0.0280,10004,4,Window_0.000,2/4,TIMEOUT,4.00,50.00,2.00,1000,0.0000,0.0125,0.0000,0.0483,S,0.0155,1
0.0280,10019,1,Window_0.000,5/6,TIMEOUT,10.00,50.00,2.00,1000,0.0000,0.0125,0.0000,0.0536,S,0.0155,1
0.0280,10017,6,Window_0.000,5/5,COMPLETE,10.00,50.00,2.00,1000,0.0000,0.0125,0.0000,0.0478,S,0.0076,1
0.0280,10018,3,Window_0.000,3/3,COMPLETE,6.00,50.00,2.00,1000,0.0000,0.0125,0.0000,0.0519,S,0.0103,1
1.0280,11116,2,Window_1.000,4/6,TIMEOUT,8.00,50.00,2.00,1000,0.0000,0.0125,0.0000,0.0537,S,0.0155,1
1.0280,11096,5,Window_1.000,4/6,TIMEOUT,8.00,50.00,2.00,1000,0.0000,0.0125,0.0000,0.0563,S,0.0155,1
1.0280,11101,4,Window_1.000,4/4,COMPLETE,8.00,50.00,2.00,1000,0.0000,0.0125,0.0000,0.0534,S,0.0089,1
1.0280,11109,1,Window_1.000,6/6,COMPLETE,12.00,50.00,2.00,1000,0.0000,0.0125,0.0000,0.0571,S,0.0104,1
1.0280,11111,6,Window_1.000,5/5,COMPLETE,10.00,50.00,2.00,1000,0.0000,0.0125,0.0000,0.0483,S,0.0095,1
1.0280,11106,3,Window_1.000,3/3,COMPLETE,6.00,50.00,2.00,1000,0.0000,0.0125,0.0000,0.0452,S,0.0098,1
2.0280,12195,2,Window_2.000,6/6,COMPLETE,12.00,50.00,2.00,1000,0.0000,0.0125,0.0000,0.0535,S,0.0100,1
2.0280,12182,5,Window_2.000,5/6,TIMEOUT,10.00,50.00,2.00,1000,0.0000,0.0125,0.0000,0.0552,S,0.0155,1
2.0280,12191,4,Window_2.000,2/4,TIMEOUT,4.00,50.00,2.00,1000,0.0000,0.0125,0.0000,0.0578,S,0.0155,1
2.0280,12194,1,Window_2.000,6/6,COMPLETE,12.00,50.00,2.00,1000,0.0000,0.0125,0.0000,0.0479,S,0.0141,1
2.0280,12202,6,Window_2.000,3/5,TIMEOUT,6.00,50.00,2.00,1000,0.0000,0.0125,0.0000,0.0524,S,0.0155,1
2.0280,12198,3,Window_2.000,3/3,COMPLETE,6.00,50.00,2.00,1000,0.0000,0.0125,0.0000,0.0529,S,0.0131,1
3.0280,13290,2,Window_3.000,4/6,TIMEOUT,8.00,50.00,2.00,1000,0.0000,0.0125,0.0000,0.0571,S,0.0155,1
3.0280,13276,5,Window_3.000,5/6,TIMEOUT,10.00,50.00,2.00,1000,0.0000,0.0125,0.0000,0.0542,S,0.0155,1
3.0280,13274,4,Window_3.000,4/4,COMPLETE,8.00,50.00,2.00,1000,0.0000,0.0125,0.0000,0.0490,S,0.0128,1
3.0280,13280,1,Window_3.000,4/6,TIMEOUT,8.00,50.00,2.00,1000,0.0000,0.0125,0.0000,0.0532,S,0.0155,1
3.0280,13283,6,Window_3.000,5/5,COMPLETE,10.00,50.00,2.00,1000,0.0000,0.0125,0.0000,0.0499,S,0.0075,1
3.0280,13286,3,Window_3.000,2/3,TIMEOUT,4.00,50.00,2.00,1000,0.0000,0.0125,0.0000,0.0496,S,0.0155,1
4.0280,14361,2,Window_4.000,6/6,COMPLETE,12.00,50.00,2.00,1000,0.0000,0.0125,0.0000,0.0492,S,0.0097,1
4.0280,14366,5,Window_4.000,3/6,TIMEOUT,6.00,50.00,2.00,1000,0.0000,0.0125,0.0000,0.0473,S,0.0155,1
4.0280,14364,4,Window_4.000,4/4,COMPLETE,8.00,50.00,2.00,1000,0.0000,0.0125,0.0000,0.0544,S,0.0149,1
4.0280,14379,1,Window_4.000,6/6,COMPLETE,12.00,50.00,2.00,1000,0.0000,0.0125,0.0000,0.0536,S,0.0149,1
4.0280,14382,6,Window_4.000,5/5,COMPLETE,10.00,50.00,2.00,1000,0.0000,0.0125,0.0000,0.0468,S,0.0075,1
4.0280,14378,3,Window_4.000,3/3,COMPLETE,6.00,50.00,2.00,1000,0.0000,0.0125,0.0000,0.0466,S,0.0109,1
5.0280,15479,2,Window_5.000,6/6,COMPLETE,12.00,50.00,2.00,1000,0.0000,0.0125,0.0000,0.0505,S,0.0135,1
5.0280,15475,5,Window_5.000,5/6,TIMEOUT,10.00,50.00,2.00,1000,0.0000,0.0125,0.0000,0.0552,S,0.0155,1
5.0280,15454,4,Window_5.000,4/4,COMPLETE,8.00,50.00,2.00,1000,0.0000,0.0125,0.0000,0.0430,S,0.0114,1
5.0280,15469,1,Window_5.000,6/6,COMPLETE,12.00,50.00,2.00,1000,0.0000,0.0125,0.0000,0.0543,S,0.0140,1
5.0280,15463,6,Window_5.000,5/5,COMPLETE,10.00,50.00,2.00,1000,0.0000,0.0125,0.0000,0.0543,S,0.0118,1
5.0280,15468,3,Window_5.000,3/3,COMPLETE,6.00,50.00,2.00,1000,0.0000,0.0125,0.0000,0.0487,S,0.0062,1
6.0280,16560,2,Window_6.000,6/6,COMPLETE,12.00,50.00,2.00,1000,0.0000,0.0125,0.0000,0.0539,S,0.0138,1
6.0280,16546,5,Window_6.000,5/6,TIMEOUT,10.00,50.00,2.00,1000,0.0000,0.0125,0.0000,0.0586,S,0.0155,1
6.0280,16548,4,Window_6.000,3/4,TIMEOUT,6.00,50.00,2.00,1000,0.0000,0.0125,0.0000,0.0457,S,0.0155,1
6.0280,16559,1,Window_6.000,6/6,COMPLETE,12.00,50.00,2.00,1000,0.0000,0.0125,0.0000,0.0522,S,0.0098,1
6.0280,16562,6,Window_6.000,4/5,TIMEOUT,8.00,50.00,2.00,1000,0.0000,0.0125,0.0000,0.0511,S,0.0155,1
6.0280,16558,3,Window_6.000,3/3,COMPLETE,6.00,50.00,2.00,1000,0.0000,0.0125,0.0000,0.0394,S,0.0046,1
7.0280,17645,2,Window_7.000,6/6,COMPLETE,12.00,50.00,2.00,1000,0.0000,0.0125,0.0000,0.0600,S,0.0110,1
7.0280,17635,5,Window_7.000,5/6,TIMEOUT,10.00,50.00,2.00,1000,0.0000,0.0125,0.0000,0.0522,S,0.0155,1
7.0280,17634,4,Window_7.000,4/4,COMPLETE,8.00,50.00,2.00,1000,0.0000,0.0125,0.0000,0.0519,S,0.0153,1
7.0280,17653,1,Window_7.000,4/6,TIMEOUT,8.00,50.00,2.00,1000,0.0000,0.0125,0.0000,0.0544,S,0.0155,1
7.0280,17657,6,Window_7.000,5/5,COMPLETE,10.00,50.00,2.00,1000,0.0000,0.0125,0.0000,0.0489,S,0.0126,1
7.0280,17654,3,Window_7.000,3/3,COMPLETE,6.00,50.00,2.00,1000,0.0000,0.0125,0.0000,0.0467,S,0.0076,1
8.0280,18735,2,Window_8.000,4/6,TIMEOUT,8.00,50.00,2.00,1000,0.0000,0.0125,0.0000,0.0509,S,0.0155,1
8.0280,18726,5,Window_8.000,4/6,TIMEOUT,8.00,50.00,2.00,1000,0.0000,0.0125,0.0000,0.0591,S,0.0155,1
8.0280,18732,4,Window_8.000,3/4,TIMEOUT,6.00,50.00,2.00,1000,0.0000,0.0125,0.0000,0.0522,S,0.0155,1
8.0280,18739,1,Window_8.000,5/6,TIMEOUT,10.00,50.00,2.00,1000,0.0000,0.0125,0.0000,0.0512,S,0.0155,1
8.0280,18737,6,Window_8.000,4/5,TIMEOUT,8.00,50.00,2.00,1000,0.0000,0.0125,0.0000,0.0527,S,0.0155,1
8.0280,18736,3,Window_8.000,3/3,COMPLETE,6.00,50.00,2.00,1000,0.0000,0.0125,0.0000,0.0420,S,0.0029,1
9.0280,19838,2,Window_9.000,4/6,TIMEOUT,8.00,50.00,2.00,1000,0.0000,0.0125,0.0000,0.0560,S,0.0155,1
9.0280,19840,5,Window_9.000,6/6,COMPLETE,12.00,50.00,2.00,1000,0.0000,0.0125,0.0000,0.0545,S,0.0129,1
9.0280,19822,4,Window_9.000,4/4,COMPLETE,8.00,50.00,2.00,1000,0.0000,0.0125,0.0000,0.0507,S,0.0147,1
9.0280,19817,1,Window_9.000,4/6,TIMEOUT,8.00,50.00,2.00,1000,0.0000,0.0125,0.0000,0.0512,S,0.0155,1
9.0280,19832,6,Window_9.000,5/5,COMPLETE,10.00,50.00,2.00,1000,0.0000,0.0125,0.0000,0.0459,S,0.0086,1
9.0280,19826,3,Window_9.000,3/3,COMPLETE,6.00,50.00,2.00,1000,0.0000,0.0125,0.0000,0.0488,S,0.0109,1
10.0280,20929,2,Window_10.000,5/6,TIMEOUT,10.00,50.00,2.00,1000,0.0000,0.0125,0.0000,0.0546,S,0.0155,1
10.0280,20906,5,Window_10.000,6/6,COMPLETE,12.00,50.00,2.00,1000,0.0000,0.0125,0.0000,0.0461,S,0.0034,1
10.0280,20904,4,Window_10.000,3/4,TIMEOUT,6.00,50.00,2.00,1000,0.0000,0.0125,0.0000,0.0538,S,0.0155,1
10.0280,20910,1,Window_10.000,4/6,TIMEOUT,8.00,50.00,2.00,1000,0.0000,0.0125,0.0000,0.0513,S,0.0155,1
10.0280,20927,6,Window_10.000,5/5,COMPLETE,10.00,50.00,2.00,1000,0.0000,0.0125,0.0000,0.0488,S,0.0122,1
10.0280,20918,3,Window_10.000,3/3,COMPLETE,6.00,50.00,2.00,1000,0.0000,0.0125,0.0000,0.0430,S,0.0076,1
11.0280,22016,2,Window_11.000,5/6,TIMEOUT,10.00,50.00,2.00,1000,0.0000,0.0125,0.0000,0.0534,S,0.0155,1
11.0280,21993,5,Window_11.000,6/6,COMPLETE,12.00,50.00,2.00,1000,0.0000,0.0125,0.0000,0.0528,S,0.0141,1
11.0280,21998,4,Window_11.000,4/4,COMPLETE,8.00,50.00,2.00,1000,0.0000,0.0125,0.0000,0.0504,S,0.0132,1
11.0280,22004,1,Window_11.000,6/6,COMPLETE,12.00,50.00,2.00,1000,0.0000,0.0125,0.0000,0.0530,S,0.0127,1
11.0280,22012,6,Window_11.000,5/5,COMPLETE,10.00,50.00,2.00,1000,0.0000,0.0125,0.0000,0.0522,S,0.0126,1
11.0280,22006,3,Window_11.000,3/3,COMPLETE,6.00,50.00,2.00,1000,0.0000,0.0125,0.0000,0.0461,S,0.0112,1
12.0280,23100,2,Window_12.000,6/6,COMPLETE,12.00,50.00,2.00,1000,0.0000,0.0125,0.0000,0.0572,S,0.0148,1
12.0280,23082,5,Window_12.000,6/6,COMPLETE,12.00,50.00,2.00,1000,0.0000,0.0125,0.0000,0.0490,S,0.0117,1
12.0280,23091,4,Window_12.000,3/4,TIMEOUT,6.00,50.00,2.00,1000,0.0000,0.0125,0.0000,0.0545,S,0.0155,1
12.0280,23099,1,Window_12.000,6/6,COMPLETE,12.00,50.00,2.00,1000,0.0000,0.0125,0.0000,0.0538,S,0.0144,1
12.0280,23107,6,Window_12.000,5/5,COMPLETE,10.00,50.00,2.00,1000,0.0000,0.0125,0.0000,0.0543,S,0.0091,1
12.0280,23104,3,Window_12.000,3/3,COMPLETE,6.00,50.00,2.00,1000,0.0000,0.0125,0.0000,0.0363,S,0.0027,1
13.0280,24196,2,Window_13.000,4/6,TIMEOUT,8.00,50.00,2.00,1000,0.0000,0.0125,0.0000,0.0523,S,0.0155,1
13.0280,24172,5,Window_13.000,6/6,COMPLETE,12.00,50.00,2.00,1000,0.0000,0.0125,0.0000,0.0518,S,0.0086,1
13.0280,24181,4,Window_13.000,4/4,COMPLETE,8.00,50.00,2.00,1000,0.0000,0.0125,0.0000,0.0505,S,0.0132,1
13.0280,24193,1,Window_13.000,6/6,COMPLETE,12.00,50.00,2.00,1000,0.0000,0.0125,0.0000,0.0599,S,0.0130,1
13.0280,24183,6,Window_13.000,5/5,COMPLETE,10.00,50.00,2.00,1000,0.0000,0.0125,0.0000,0.0559,S,0.0141,1
13.0280,24188,3,Window_13.000,3/3,COMPLETE,6.00,50.00,2.00,1000,0.0000,0.0125,0.0000,0.0523,S,0.0075,1
14.0280,25289,2,Window_14.000,4/6,TIMEOUT,8.00,50.00,2.00,1000,0.0000,0.0125,0.0000,0.0556,S,0.0155,1
14.0280,25285,5,Window_14.000,5/6,TIMEOUT,10.00,50.00,2.00,1000,0.0000,0.0125,0.0000,0.0538,S,0.0155,1
14.0280,25272,4,Window_14.000,2/4,TIMEOUT,4.00,50.00,2.00,1000,0.0000,0.0125,0.0000,0.0518,S,0.0155,1
14.0280,25270,1,Window_14.000,6/6,COMPLETE,12.00,50.00,2.00,1000,0.0000,0.0125,0.0000,0.0491,S,0.0120,1
14.0280,25287,6,Window_14.000,5/5,COMPLETE,10.00,50.00,2.00,1000,0.0000,0.0125,0.0000,0.0504,S,0.0107,1
14.0280,25276,3,Window_14.000,3/3,COMPLETE,6.00,50.00,2.00,1000,0.0000,0.0125,0.0000,0.0432,S,0.0100,1
15.0280,26379,2,Window_15.000,5/6,TIMEOUT,10.00,50.00,2.00,1000,0.0000,0.0125,0.0000,0.0565,S,0.0155,1
15.0280,26380,5,Window_15.000,5/6,TIMEOUT,10.00,50.00,2.00,1000,0.0000,0.0125,0.0000,0.0564,S,0.0155,1
15.0280,26354,4,Window_15.000,3/4,TIMEOUT,6.00,50.00,2.00,1000,0.0000,0.0125,0.0000,0.0580,S,0.0155,1
15.0280,26369,1,Window_15.000,5/6,TIMEOUT,10.00,50.00,2.00,1000,0.0000,0.0125,0.0000,0.0497,S,0.0155,1
15.0280,26363,6,Window_15.000,5/5,COMPLETE,10.00,50.00,2.00,1000,0.0000,0.0125,0.0000,0.0495,S,0.0132,1
15.0280,26366,3,Window_15.000,3/3,COMPLETE,6.00,50.00,2.00,1000,0.0000,0.0125,0.0000,0.0482,S,0.0056,1
16.0280,27468,2,Window_16.000,6/6,COMPLETE,12.00,50.00,2.00,1000,0.0000,0.0125,0.0000,0.0566,S,0.0122,1
16.0280,27442,5,Window_16.000,4/6,TIMEOUT,8.00,50.00,2.00,1000,0.0000,0.0125,0.0000,0.0531,S,0.0155,1
16.0280,27444,4,Window_16.000,4/4,COMPLETE,8.00,50.00,2.00,1000,0.0000,0.0125,0.0000,0.0587,S,0.0138,1
16.0280,27459,1,Window_16.000,4/6,TIMEOUT,8.00,50.00,2.00,1000,0.0000,0.0125,0.0000,0.0528,S,0.0155,1
16.0280,27462,6,Window_16.000,4/5,TIMEOUT,8.00,50.00,2.00,1000,0.0000,0.0125,0.0000,0.0550,S,0.0155,1
16.0280,27458,3,Window_16.000,3/3,COMPLETE,6.00,50.00,2.00,1000,0.0000,0.0125,0.0000,0.0482,S,0.0136,1
17.0280,28556,2,Window_17.000,5/6,TIMEOUT,10.00,50.00,2.00,1000,0.0000,0.0125,0.0000,0.0543,S,0.0155,1
17.0280,28536,5,Window_17.000,2/6,TIMEOUT,4.00,50.00,2.00,1000,0.0000,0.0125,0.0000,0.0579,S,0.0155,1
17.0280,28538,4,Window_17.000,3/4,TIMEOUT,6.00,50.00,2.00,1000,0.0000,0.0125,0.0000,0.0491,S,0.0155,1
17.0280,28537,1,Window_17.000,5/6,TIMEOUT,10.00,50.00,2.00,1000,0.0000,0.0125,0.0000,0.0579,S,0.0155,1
17.0280,28543,6,Window_17.000,3/5,TIMEOUT,6.00,50.00,2.00,1000,0.0000,0.0125,0.0000,0.0514,S,0.0155,1
17.0280,28546,3,Window_17.000,3/3,COMPLETE,6.00,50.00,2.00,1000,0.0000,0.0125,0.0000,0.0468,S,0.0125,1
18.0280,29648,2,Window_18.000,6/6,COMPLETE,12.00,50.00,2.00,1000,0.0000,0.0125,0.0000,0.0574,S,0.0135,1
18.0280,29622,5,Window_18.000,6/6,COMPLETE,12.00,50.00,2.00,1000,0.0000,0.0125,0.0000,0.0514,S,0.0142,1
18.0280,29624,4,Window_18.000,4/4,COMPLETE,8.00,50.00,2.00,1000,0.0000,0.0125,0.0000,0.0429,S,0.0088,1
18.0280,29627,1,Window_18.000,4/6,TIMEOUT,8.00,50.00,2.00,1000,0.0000,0.0125,0.0000,0.0550,S,0.0155,1
18.0280,29637,6,Window_18.000,4/5,TIMEOUT,8.00,50.00,2.00,1000,0.0000,0.0125,0.0000,0.0530,S,0.0155,1
18.0280,29644,3,Window_18.000,3/3,COMPLETE,6.00,50.00,2.00,1000,0.0000,0.0125,0.0000,0.0468,S,0.0108,1
19.0280,30725,2,Window_19.000,6/6,COMPLETE,12.00,50.00,2.00,1000,0.0000,0.0125,0.0000,0.0473,S,0.0073,1
19.0280,30712,5,Window_19.000,5/6,TIMEOUT,10.00,50.00,2.00,1000,0.0000,0.0125,0.0000,0.0562,S,0.0155,1
19.0280,30722,4,Window_19.000,3/4,TIMEOUT,6.00,50.00,2.00,1000,0.0000,0.0125,0.0000,0.0529,S,0.0155,1
19.0280,30720,1,Window_19.000,6/6,COMPLETE,12.00,50.00,2.00,1000,0.0000,0.0125,0.0000,0.0528,S,0.0137,1
19.0280,30723,6,Window_19.000,5/5,COMPLETE,10.00,50.00,2.00,1000,0.0000,0.0125,0.0000,0.0547,S,0.0128,1
19.0280,30728,3,Window_19.000,2/3,TIMEOUT,4.00,50.00,2.00,1000,0.0000,0.0125,0.0000,0.0525,S,0.0155,1
20.0280,31826,2,Window_20.000,5/6,TIMEOUT,10.00,50.00,2.00,1000,0.0000,0.0125,0.0000,0.0549,S,0.0155,1
20.0280,31803,5,Window_20.000,5/6,TIMEOUT,10.00,50.00,2.00,1000,0.0000,0.0125,0.0000,0.0557,S,0.0155,1
20.0280,31812,4,Window_20.000,4/4,COMPLETE,8.00,50.00,2.00,1000,0.0000,0.0125,0.0000,0.0454,S,0.0084,1
20.0280,31819,1,Window_20.000,4/6,TIMEOUT,8.00,50.00,2.00,1000,0.0000,0.0125,0.0000,0.0504,S,0.0155,1
20.0280,31813,6,Window_20.000,4/5,TIMEOUT,8.00,50.00,2.00,1000,0.0000,0.0125,0.0000,0.0507,S,0.0155,1
20.0280,31824,3,Window_20.000,3/3,COMPLETE,6.00,50.00,2.00,1000,0.0000,0.0125,0.0000,0.0514,S,0.0096,1
21.0280,32919,2,Window_21.000,6/6,COMPLETE,12.00,50.00,2.00,1000,0.0000,0.0125,0.0000,0.0528,S,0.0139,1
21.0280,32893,5,Window_21.000,4/6,TIMEOUT,8.00,50.00,2.00,1000,0.0000,0.0125,0.0000,0.0576,S,0.0155,1
21.0280,32901,4,Window_21.000,3/4,TIMEOUT,6.00,50.00,2.00,1000,0.0000,0.0125,0.0000,0.0555,S,0.0155,1
21.0280,32899,1,Window_21.000,4/6,TIMEOUT,8.00,50.00,2.00,1000,0.0000,0.0125,0.0000,0.0608,S,0.0155,1
21.0280,32917,6,Window_21.000,4/5,TIMEOUT,8.00,50.00,2.00,1000,0.0000,0.0125,0.0000,0.0545,S,0.0155,1
21.0280,32914,3,Window_21.000,3/3,COMPLETE,6.00,50.00,2.00,1000,0.0000,0.0125,0.0000,0.0590,S,0.0127,1
22.0280,33995,2,Window_22.000,6/6,COMPLETE,12.00,50.00,2.00,1000,0.0000,0.0125,0.0000,0.0491,S,0.0095,1
22.0280,33985,5,Window_22.000,5/6,TIMEOUT,10.00,50.00,2.00,1000,0.0000,0.0125,0.0000,0.0523,S,0.0155,1
22.0280,33988,4,Window_22.000,3/4,TIMEOUT,6.00,50.00,2.00,1000,0.0000,0.0125,0.0000,0.0486,S,0.0155,1
22.0280,33987,1,Window_22.000,5/6,TIMEOUT,10.00,50.00,2.00,1000,0.0000,0.0125,0.0000,0.0582,S,0.0155,1
22.0280,34001,6,Window_22.000,5/5,COMPLETE,10.00,50.00,2.00,1000,0.0000,0.0125,0.0000,0.0546,S,0.0126,1
22.0280,33996,3,Window_22.000,3/3,COMPLETE,6.00,50.00,2.00,1000,0.0000,0.0125,0.0000,0.0385,S,0.0072,1
23.0280,35098,2,Window_23.000,4/6,TIMEOUT,8.00,50.00,2.00,1000,0.0000,0.0125,0.0000,0.0512,S,0.0155,1
23.0280,35100,5,Window_23.000,6/6,COMPLETE,12.00,50.00,2.00,1000,0.0000,0.0125,0.0000,0.0553,S,0.0097,1
23.0280,35082,4,Window_23.000,4/4,COMPLETE,8.00,50.00,2.00,1000,0.0000,0.0125,0.0000,0.0510,S,0.0123,1
23.0280,35079,1,Window_23.000,3/6,TIMEOUT,6.00,50.00,2.00,1000,0.0000,0.0125,0.0000,0.0503,S,0.0155,1
23.0280,35092,6,Window_23.000,5/5,COMPLETE,10.00,50.00,2.00,1000,0.0000,0.0125,0.0000,0.0502,S,0.0091,1
23.0280,35086,3,Window_23.000,2/3,TIMEOUT,4.00,50.00,2.00,1000,0.0000,0.0125,0.0000,0.0505,S,0.0155,1
24.0280,36189,2,Window_24.000,4/6,TIMEOUT,8.00,50.00,2.00,1000,0.0000,0.0125,0.0000,0.0506,S,0.0155,1
24.0280,36162,5,Window_24.000,5/6,TIMEOUT,10.00,50.00,2.00,1000,0.0000,0.0125,0.0000,0.0549,S,0.0155,1
24.0280,36164,4,Window_24.000,4/4,COMPLETE,8.00,50.00,2.00,1000,0.0000,0.0125,0.0000,0.0477,S,0.0123,1
24.0280,36167,1,Window_24.000,4/6,TIMEOUT,8.00,50.00,2.00,1000,0.0000,0.0125,0.0000,0.0561,S,0.0155,1
24.0280,36173,6,Window_24.000,5/5,COMPLETE,10.00,50.00,2.00,1000,0.0000,0.0125,0.0000,0.0491,S,0.0101,1
24.0280,36176,3,Window_24.000,3/3,COMPLETE,6.00,50.00,2.00,1000,0.0000,0.0125,0.0000,0.0481,S,0.0107,1
25.0280,37276,2,Window_25.000,6/6,COMPLETE,12.00,50.00,2.00,1000,0.0000,0.0125,0.0000,0.0566,S,0.0145,1
25.0280,37252,5,Window_25.000,5/6,TIMEOUT,10.00,50.00,2.00,1000,0.0000,0.0125,0.0000,0.0533,S,0.0155,1
25.0280,37261,4,Window_25.000,3/4,TIMEOUT,6.00,50.00,2.00,1000,0.0000,0.0125,0.0000,0.0535,S,0.0155,1
25.0280,37264,1,Window_25.000,6/6,COMPLETE,12.00,50.00,2.00,1000,0.0000,0.0125,0.0000,0.0522,S,0.0106,1
25.0280,37272,6,Window_25.000,4/5,TIMEOUT,8.00,50.00,2.00,1000,0.0000,0.0125,0.0000,0.0516,S,0.0155,1
25.0280,37268,3,Window_25.000,3/3,COMPLETE,6.00,50.00,2.00,1000,0.0000,0.0125,0.0000,0.0484,S,0.0123,1
26.0280,38341,2,Window_26.000,6/6,COMPLETE,12.00,50.00,2.00,1000,0.0000,0.0125,0.0000,0.0501,S,0.0148,1
26.0280,38345,5,Window_26.000,5/6,TIMEOUT,10.00,50.00,2.00,1000,0.0000,0.0125,0.0000,0.0497,S,0.0155,1
26.0280,38348,4,Window_26.000,4/4,COMPLETE,8.00,50.00,2.00,1000,0.0000,0.0125,0.0000,0.0511,S,0.0126,1
26.0280,38349,1,Window_26.000,5/6,TIMEOUT,10.00,50.00,2.00,1000,0.0000,0.0125,0.0000,0.0528,S,0.0155,1
26.0280,38357,6,Window_26.000,4/5,TIMEOUT,8.00,50.00,2.00,1000,0.0000,0.0125,0.0000,0.0540,S,0.0155,1
26.0280,38364,3,Window_26.000,3/3,COMPLETE,6.00,50.00,2.00,1000,0.0000,0.0125,0.0000,0.0402,S,0.0038,1
27.0280,39445,2,Window_27.000,6/6,COMPLETE,12.00,50.00,2.00,1000,0.0000,0.0125,0.0000,0.0513,S,0.0139,1
27.0280,39436,5,Window_27.000,6/6,COMPLETE,12.00,50.00,2.00,1000,0.0000,0.0125,0.0000,0.0452,S,0.0090,1
27.0280,39442,4,Window_27.000,4/4,COMPLETE,8.00,50.00,2.00,1000,0.0000,0.0125,0.0000,0.0502,S,0.0094,1
27.0280,39437,1,Window_27.000,6/6,COMPLETE,12.00,50.00,2.00,1000,0.0000,0.0125,0.0000,0.0594,S,0.0145,1
27.0280,39457,6,Window_27.000,5/5,COMPLETE,10.00,50.00,2.00,1000,0.0000,0.0125,0.0000,0.0505,S,0.0147,1
27.0280,39446,3,Window_27.000,3/3,COMPLETE,6.00,50.00,2.00,1000,0.0000,0.0125,0.0000,0.0403,S,0.0033,1
28.0280,40546,2,Window_28.000,3/6,TIMEOUT,6.00,50.00,2.00,1000,0.0000,0.0125,0.0000,0.0487,S,0.0155,1
28.0280,40523,5,Window_28.000,6/6,COMPLETE,12.00,50.00,2.00,1000,0.0000,0.0125,0.0000,0.0563,S,0.0149,1
28.0280,40532,4,Window_28.000,3/4,TIMEOUT,6.00,50.00,2.00,1000,0.0000,0.0125,0.0000,0.0520,S,0.0155,1
28.0280,40534,1,Window_28.000,4/6,TIMEOUT,8.00,50.00,2.00,1000,0.0000,0.0125,0.0000,0.0516,S,0.0155,1
28.0280,40542,6,Window_28.000,5/5,COMPLETE,10.00,50.00,2.00,1000,0.0000,0.0125,0.0000,0.0508,S,0.0103,1
28.0280,40536,3,Window_28.000,3/3,COMPLETE,6.00,50.00,2.00,1000,0.0000,0.0125,0.0000,0.0522,S,0.0098,1
29.0280,41636,2,Window_29.000,4/6,TIMEOUT,8.00,50.00,2.00,1000,0.0000,0.0125,0.0000,0.0566,S,0.0155,1
29.0280,41640,5,Window_29.000,6/6,COMPLETE,12.00,50.00,2.00,1000,0.0000,0.0125,0.0000,0.0556,S,0.0151,1
29.0280,41621,4,Window_29.000,4/4,COMPLETE,8.00,50.00,2.00,1000,0.0000,0.0125,0.0000,0.0508,S,0.0100,1
29.0280,41619,1,Window_29.000,6/6,COMPLETE,12.00,50.00,2.00,1000,0.0000,0.0125,0.0000,0.0512,S,0.0120,1
29.0280,41632,6,Window_29.000,4/5,TIMEOUT,8.00,50.00,2.00,1000,0.0000,0.0125,0.0000,0.0515,S,0.0155,1
29.0280,41628,3,Window_29.000,3/3,COMPLETE,6.00,50.00,2.00,1000,0.0000,0.0125,0.0000,0.0482,S,0.0116,1
30.0280,42715,2,Window_30.000,6/6,COMPLETE,12.00,50.00,2.00,1000,0.0000,0.0125,0.0000,0.0512,S,0.0112,1
30.0280,42702,5,Window_30.000,5/6,TIMEOUT,10.00,50.00,2.00,1000,0.0000,0.0125,0.0000,0.0516,S,0.0155,1
30.0280,42711,4,Window_30.000,4/4,COMPLETE,8.00,50.00,2.00,1000,0.0000,0.0125,0.0000,0.0421,S,0.0021,1
30.0280,42723,1,Window_30.000,3/6,TIMEOUT,6.00,50.00,2.00,1000,0.0000,0.0125,0.0000,0.0555,S,0.0155,1
30.0280,42717,6,Window_30.000,2/5,TIMEOUT,4.00,50.00,2.00,1000,0.0000,0.0125,0.0000,0.0550,S,0.0155,1
30.0280,42718,3,Window_30.000,3/3,COMPLETE,6.00,50.00,2.00,1000,0.0000,0.0125,0.0000,0.0388,S,0.0031,1
31.0280,43805,2,Window_31.000,6/6,COMPLETE,12.00,50.00,2.00,1000,0.0000,0.0125,0.0000,0.0524,S,0.0128,1
31.0280,43820,5,Window_31.000,4/6,TIMEOUT,8.00,50.00,2.00,1000,0.0000,0.0125,0.0000,0.0537,S,0.0155,1
31.0280,43798,4,Window_31.000,2/4,TIMEOUT,4.00,50.00,2.00,1000,0.0000,0.0125,0.0000,0.0479,S,0.0155,1
31.0280,43800,1,Window_31.000,5/6,TIMEOUT,10.00,50.00,2.00,1000,0.0000,0.0125,0.0000,0.0534,S,0.0155,1
31.0280,43812,6,Window_31.000,5/5,COMPLETE,10.00,50.00,2.00,1000,0.0000,0.0125,0.0000,0.0512,S,0.0110,1
31.0280,43806,3,Window_31.000,2/3,TIMEOUT,4.00,50.00,2.00,1000,0.0000,0.0125,0.0000,0.0528,S,0.0155,1
32.0280,44900,2,Window_32.000,6/6,COMPLETE,12.00,50.00,2.00,1000,0.0000,0.0125,0.0000,0.0465,S,0.0108,1
32.0280,44910,5,Window_32.000,5/6,TIMEOUT,10.00,50.00,2.00,1000,0.0000,0.0125,0.0000,0.0572,S,0.0155,1
32.0280,44884,4,Window_32.000,3/4,TIMEOUT,6.00,50.00,2.00,1000,0.0000,0.0125,0.0000,0.0508,S,0.0155,1
32.0280,44894,1,Window_32.000,6/6,COMPLETE,12.00,50.00,2.00,1000,0.0000,0.0125,0.0000,0.0503,S,0.0123,1
32.0280,44902,6,Window_32.000,5/5,COMPLETE,10.00,50.00,2.00,1000,0.0000,0.0125,0.0000,0.0505,S,0.0147,1
32.0280,44896,3,Window_32.000,3/3,COMPLETE,6.00,50.00,2.00,1000,0.0000,0.0125,0.0000,0.0511,S,0.0128,1
33.0280,45985,2,Window_33.000,6/6,COMPLETE,12.00,50.00,2.00,1000,0.0000,0.0125,0.0000,0.0483,S,0.0092,1
33.0280,45976,5,Window_33.000,5/6,TIMEOUT,10.00,50.00,2.00,1000,0.0000,0.0125,0.0000,0.0503,S,0.0155,1
33.0280,45978,4,Window_33.000,2/4,TIMEOUT,4.00,50.00,2.00,1000,0.0000,0.0125,0.0000,0.0545,S,0.0155,1
33.0280,45993,1,Window_33.000,5/6,TIMEOUT,10.00,50.00,2.00,1000,0.0000,0.0125,0.0000,0.0512,S,0.0155,1
33.0280,45997,6,Window_33.000,4/5,TIMEOUT,8.00,50.00,2.00,1000,0.0000,0.0125,0.0000,0.0521,S,0.0155,1
33.0280,45988,3,Window_33.000,3/3,COMPLETE,6.00,50.00,2.00,1000,0.0000,0.0125,0.0000,0.0476,S,0.0088,1
34.0280,47075,2,Window_34.000,5/6,TIMEOUT,10.00,50.00,2.00,1000,0.0000,0.0125,0.0000,0.0537,S,0.0155,1
34.0280,47066,5,Window_34.000,4/6,TIMEOUT,8.00,50.00,2.00,1000,0.0000,0.0125,0.0000,0.0565,S,0.0155,1
34.0280,47064,4,Window_34.000,4/4,COMPLETE,8.00,50.00,2.00,1000,0.0000,0.0125,0.0000,0.0495,S,0.0110,1
34.0280,47067,1,Window_34.000,5/6,TIMEOUT,10.00,50.00,2.00,1000,0.0000,0.0125,0.0000,0.0561,S,0.0155,1
34.0280,47073,6,Window_34.000,4/5,TIMEOUT,8.00,50.00,2.00,1000,0.0000,0.0125,0.0000,0.0550,S,0.0155,1
34.0280,47076,3,Window_34.000,3/3,COMPLETE,6.00,50.00,2.00,1000,0.0000,0.0125,0.0000,0.0364,S,0.0024,1
35.0280,48176,2,Window_35.000,5/6,TIMEOUT,10.00,50.00,2.00,1000,0.0000,0.0125,0.0000,0.0560,S,0.0155,1
35.0280,48175,5,Window_35.000,6/6,COMPLETE,12.00,50.00,2.00,1000,0.0000,0.0125,0.0000,0.0558,S,0.0116,1
35.0280,48161,4,Window_35.000,3/4,TIMEOUT,6.00,50.00,2.00,1000,0.0000,0.0125,0.0000,0.0478,S,0.0155,1
35.0280,48169,1,Window_35.000,5/6,TIMEOUT,10.00,50.00,2.00,1000,0.0000,0.0125,0.0000,0.0566,S,0.0155,1
35.0280,48167,6,Window_35.000,5/5,COMPLETE,10.00,50.00,2.00,1000,0.0000,0.0125,0.0000,0.0502,S,0.0091,1
35.0280,48168,3,Window_35.000,3/3,COMPLETE,6.00,50.00,2.00,1000,0.0000,0.0125,0.0000,0.0459,S,0.0072,1
36.0280,49241,2,Window_36.000,3/6,TIMEOUT,6.00,50.00,2.00,1000,0.0000,0.0125,0.0000,0.0522,S,0.0155,1
36.0280,49242,5,Window_36.000,6/6,COMPLETE,12.00,50.00,2.00,1000,0.0000,0.0125,0.0000,0.0511,S,0.0082,1
36.0280,49252,4,Window_36.000,4/4,COMPLETE,8.00,50.00,2.00,1000,0.0000,0.0125,0.0000,0.0415,S,0.0067,1
36.0280,49247,1,Window_36.000,5/6,TIMEOUT,10.00,50.00,2.00,1000,0.0000,0.0125,0.0000,0.0540,S,0.0155,1
36.0280,49257,6,Window_36.000,4/5,TIMEOUT,8.00,50.00,2.00,1000,0.0000,0.0125,0.0000,0.0512,S,0.0155,1
36.0280,49258,3,Window_36.000,2/3,TIMEOUT,4.00,50.00,2.00,1000,0.0000,0.0125,0.0000,0.0523,S,0.0155,1
37.0280,50359,2,Window_37.000,6/6,COMPLETE,12.00,50.00,2.00,1000,0.0000,0.0125,0.0000,0.0606,S,0.0125,1
37.0280,50332,5,Window_37.000,5/6,TIMEOUT,10.00,50.00,2.00,1000,0.0000,0.0125,0.0000,0.0524,S,0.0155,1
37.0280,50341,4,Window_37.000,3/4,TIMEOUT,6.00,50.00,2.00,1000,0.0000,0.0125,0.0000,0.0515,S,0.0155,1
37.0280,50337,1,Window_37.000,6/6,COMPLETE,12.00,50.00,2.00,1000,0.0000,0.0125,0.0000,0.0481,S,0.0065,1
37.0280,50347,6,Window_37.000,4/5,TIMEOUT,8.00,50.00,2.00,1000,0.0000,0.0125,0.0000,0.0508,S,0.0155,1
37.0280,50346,3,Window_37.000,2/3,TIMEOUT,4.00,50.00,2.00,1000,0.0000,0.0125,0.0000,0.0540,S,0.0155,1
38.0280,51448,2,Window_38.000,5/6,TIMEOUT,10.00,50.00,2.00,1000,0.0000,0.0125,0.0000,0.0551,S,0.0155,1
38.0280,51425,5,Window_38.000,5/6,TIMEOUT,10.00,50.00,2.00,1000,0.0000,0.0125,0.0000,0.0547,S,0.0155,1
38.0280,51431,4,Window_38.000,4/4,COMPLETE,8.00,50.00,2.00,1000,0.0000,0.0125,0.0000,0.0494,S,0.0102,1
38.0280,51429,1,Window_38.000,6/6,COMPLETE,12.00,50.00,2.00,1000,0.0000,0.0125,0.0000,0.0482,S,0.0129,1
38.0280,51437,6,Window_38.000,3/5,TIMEOUT,6.00,50.00,2.00,1000,0.0000,0.0125,0.0000,0.0513,S,0.0155,1
38.0280,51444,3,Window_38.000,3/3,COMPLETE,6.00,50.00,2.00,1000,0.0000,0.0125,0.0000,0.0458,S,0.0091,1
39.0280,52530,2,Window_39.000,5/6,TIMEOUT,10.00,50.00,2.00,1000,0.0000,0.0125,0.0000,0.0560,S,0.0155,1
39.0280,52513,5,Window_39.000,6/6,COMPLETE,12.00,50.00,2.00,1000,0.0000,0.0125,0.0000,0.0547,S,0.0128,1
39.0280,52521,4,Window_39.000,3/4,TIMEOUT,6.00,50.00,2.00,1000,0.0000,0.0125,0.0000,0.0519,S,0.0155,1
39.0280,52533,1,Window_39.000,6/6,COMPLETE,12.00,50.00,2.00,1000,0.0000,0.0125,0.0000,0.0454,S,0.0071,1
39.0280,52527,6,Window_39.000,5/5,COMPLETE,10.00,50.00,2.00,1000,0.0000,0.0125,0.0000,0.0523,S,0.0104,1
39.0280,52526,3,Window_39.000,3/3,COMPLETE,6.00,50.00,2.00,1000,0.0000,0.0125,0.0000,0.0474,S,0.0103,1
40.0280,53620,2,Window_40.000,6/6,COMPLETE,12.00,50.00,2.00,1000,0.0000,0.0125,0.0000,0.0520,S,0.0116,1
40.0280,53625,5,Window_40.000,4/6,TIMEOUT,8.00,50.00,2.00,1000,0.0000,0.0125,0.0000,0.0504,S,0.0155,1
40.0280,53612,4,Window_40.000,4/4,COMPLETE,8.00,50.00,2.00,1000,0.0000,0.0125,0.0000,0.0438,S,0.0085,1
40.0280,53609,1,Window_40.000,6/6,COMPLETE,12.00,50.00,2.00,1000,0.0000,0.0125,0.0000,0.0607,S,0.0146,1
40.0280,53627,6,Window_40.000,5/5,COMPLETE,10.00,50.00,2.00,1000,0.0000,0.0125,0.0000,0.0632,S,0.0143,1
40.0280,53616,3,Window_40.000,3/3,COMPLETE,6.00,50.00,2.00,1000,0.0000,0.0125,0.0000,0.0467,S,0.0100,1
41.0280,54716,2,Window_41.000,6/6,COMPLETE,12.00,50.00,2.00,1000,0.0000,0.0125,0.0000,0.0537,S,0.0082,1
41.0280,54692,5,Window_41.000,6/6,COMPLETE,12.00,50.00,2.00,1000,0.0000,0.0125,0.0000,0.0548,S,0.0145,1
41.0280,54694,4,Window_41.000,4/4,COMPLETE,8.00,50.00,2.00,1000,0.0000,0.0125,0.0000,0.0530,S,0.0144,1
41.0280,54700,1,Window_41.000,6/6,COMPLETE,12.00,50.00,2.00,1000,0.0000,0.0125,0.0000,0.0535,S,0.0122,1
41.0280,54712,6,Window_41.000,5/5,COMPLETE,10.00,50.00,2.00,1000,0.0000,0.0125,0.0000,0.0549,S,0.0150,1
41.0280,54706,3,Window_41.000,3/3,COMPLETE,6.00,50.00,2.00,1000,0.0000,0.0125,0.0000,0.0477,S,0.0121,1
42.0280,55795,2,Window_42.000,4/6,TIMEOUT,8.00,50.00,2.00,1000,0.0000,0.0125,0.0000,0.0580,S,0.0155,1
42.0280,55785,5,Window_42.000,5/6,TIMEOUT,10.00,50.00,2.00,1000,0.0000,0.0125,0.0000,0.0570,S,0.0155,1
42.0280,55788,4,Window_42.000,4/4,COMPLETE,8.00,50.00,2.00,1000,0.0000,0.0125,0.0000,0.0477,S,0.0056,1
42.0280,55794,1,Window_42.000,6/6,COMPLETE,12.00,50.00,2.00,1000,0.0000,0.0125,0.0000,0.0545,S,0.0146,1
42.0280,55802,6,Window_42.000,5/5,COMPLETE,10.00,50.00,2.00,1000,0.0000,0.0125,0.0000,0.0489,S,0.0120,1
42.0280,55798,3,Window_42.000,3/3,COMPLETE,6.00,50.00,2.00,1000,0.0000,0.0125,0.0000,0.0409,S,0.0044,1
43.0280,56896,2,Window_43.000,3/6,TIMEOUT,6.00,50.00,2.00,1000,0.0000,0.0125,0.0000,0.0523,S,0.0155,1
43.0280,56872,5,Window_43.000,6/6,COMPLETE,12.00,50.00,2.00,1000,0.0000,0.0125,0.0000,0.0563,S,0.0116,1
43.0280,56878,4,Window_43.000,2/4,TIMEOUT,4.00,50.00,2.00,1000,0.0000,0.0125,0.0000,0.0537,S,0.0155,1
43.0280,56880,1,Window_43.000,5/6,TIMEOUT,10.00,50.00,2.00,1000,0.0000,0.0125,0.0000,0.0564,S,0.0155,1
43.0280,56897,6,Window_43.000,4/5,TIMEOUT,8.00,50.00,2.00,1000,0.0000,0.0125,0.0000,0.0481,S,0.0155,1
43.0280,56886,3,Window_43.000,2/3,TIMEOUT,4.00,50.00,2.00,1000,0.0000,0.0125,0.0000,0.0543,S,0.0155,1
44.0280,57961,2,Window_44.000,5/6,TIMEOUT,10.00,50.00,2.00,1000,0.0000,0.0125,0.0000,0.0561,S,0.0155,1
44.0280,57965,5,Window_44.000,6/6,COMPLETE,12.00,50.00,2.00,1000,0.0000,0.0125,0.0000,0.0520,S,0.0133,1
44.0280,57971,4,Window_44.000,4/4,COMPLETE,8.00,50.00,2.00,1000,0.0000,0.0125,0.0000,0.0434,S,0.0092,1
44.0280,57983,1,Window_44.000,6/6,COMPLETE,12.00,50.00,2.00,1000,0.0000,0.0125,0.0000,0.0473,S,0.0073,1
44.0280,57977,6,Window_44.000,5/5,COMPLETE,10.00,50.00,2.00,1000,0.0000,0.0125,0.0000,0.0489,S,0.0131,1
44.0280,57976,3,Window_44.000,2/3,TIMEOUT,4.00,50.00,2.00,1000,0.0000,0.0125,0.0000,0.0498,S,0.0155,1
45.0280,59065,2,Window_45.000,5/6,TIMEOUT,10.00,50.00,2.00,1000,0.0000,0.0125,0.0000,0.0526,S,0.0155,1
45.0280,59052,5,Window_45.000,5/6,TIMEOUT,10.00,50.00,2.00,1000,0.0000,0.0125,0.0000,0.0575,S,0.0155,1
45.0280,59058,4,Window_45.000,4/4,COMPLETE,8.00,50.00,2.00,1000,0.0000,0.0125,0.0000,0.0500,S,0.0099,1
45.0280,59064,1,Window_45.000,4/6,TIMEOUT,8.00,50.00,2.00,1000,0.0000,0.0125,0.0000,0.0536,S,0.0155,1
45.0280,59071,6,Window_45.000,3/5,TIMEOUT,6.00,50.00,2.00,1000,0.0000,0.0125,0.0000,0.0497,S,0.0155,1
45.0280,59068,3,Window_45.000,3/3,COMPLETE,6.00,50.00,2.00,1000,0.0000,0.0125,0.0000,0.0441,S,0.0061,1
46.0280,60168,2,Window_46.000,4/6,TIMEOUT,8.00,50.00,2.00,1000,0.0000,0.0125,0.0000,0.0538,S,0.0155,1
46.0280,60165,5,Window_46.000,6/6,COMPLETE,12.00,50.00,2.00,1000,0.0000,0.0125,0.0000,0.0554,S,0.0143,1
46.0280,60144,4,Window_46.000,4/4,COMPLETE,8.00,50.00,2.00,1000,0.0000,0.0125,0.0000,0.0508,S,0.0110,1
46.0280,60154,1,Window_46.000,6/6,COMPLETE,12.00,50.00,2.00,1000,0.0000,0.0125,0.0000,0.0509,S,0.0106,1
46.0280,60161,6,Window_46.000,4/5,TIMEOUT,8.00,50.00,2.00,1000,0.0000,0.0125,0.0000,0.0495,S,0.0155,1
46.0280,60158,3,Window_46.000,3/3,COMPLETE,6.00,50.00,2.00,1000,0.0000,0.0125,0.0000,0.0513,S,0.0115,1
47.0280,61245,2,Window_47.000,4/6,TIMEOUT,8.00,50.00,2.00,1000,0.0000,0.0125,0.0000,0.0533,S,0.0155,1
47.0280,61232,5,Window_47.000,6/6,COMPLETE,12.00,50.00,2.00,1000,0.0000,0.0125,0.0000,0.0530,S,0.0137,1
47.0280,61238,4,Window_47.000,4/4,COMPLETE,8.00,50.00,2.00,1000,0.0000,0.0125,0.0000,0.0518,S,0.0095,1
47.0280,61253,1,Window_47.000,6/6,COMPLETE,12.00,50.00,2.00,1000,0.0000,0.0125,0.0000,0.0520,S,0.0104,1
47.0280,61257,6,Window_47.000,4/5,TIMEOUT,8.00,50.00,2.00,1000,0.0000,0.0125,0.0000,0.0561,S,0.0155,1
47.0280,61246,3,Window_47.000,3/3,COMPLETE,6.00,50.00,2.00,1000,0.0000,0.0125,0.0000,0.0564,S,0.0150,1
48.0280,62349,2,Window_48.000,5/6,TIMEOUT,10.00,50.00,2.00,1000,0.0000,0.0125,0.0000,0.0549,S,0.0155,1
48.0280,62322,5,Window_48.000,4/6,TIMEOUT,8.00,50.00,2.00,1000,0.0000,0.0125,0.0000,0.0556,S,0.0155,1
48.0280,62332,4,Window_48.000,4/4,COMPLETE,8.00,50.00,2.00,1000,0.0000,0.0125,0.0000,0.0461,S,0.0060,1
48.0280,62327,1,Window_48.000,6/6,COMPLETE,12.00,50.00,2.00,1000,0.0000,0.0125,0.0000,0.0528,S,0.0121,1
48.0280,62347,6,Window_48.000,5/5,COMPLETE,10.00,50.00,2.00,1000,0.0000,0.0125,0.0000,0.0538,S,0.0117,1
48.0280,62336,3,Window_48.000,3/3,COMPLETE,6.00,50.00,2.00,1000,0.0000,0.0125,0.0000,0.0466,S,0.0129,1
49.0280,63439,2,Window_49.000,5/6,TIMEOUT,10.00,50.00,2.00,1000,0.0000,0.0125,0.0000,0.0566,S,0.0155,1
49.0280,63412,5,Window_49.000,5/6,TIMEOUT,10.00,50.00,2.00,1000,0.0000,0.0125,0.0000,0.0535,S,0.0155,1
49.0280,63422,4,Window_49.000,4/4,COMPLETE,8.00,50.00,2.00,1000,0.0000,0.0125,0.0000,0.0477,S,0.0086,1
49.0280,63419,1,Window_49.000,6/6,COMPLETE,12.00,50.00,2.00,1000,0.0000,0.0125,0.0000,0.0557,S,0.0126,1
49.0280,63432,6,Window_49.000,5/5,COMPLETE,10.00,50.00,2.00,1000,0.0000,0.0125,0.0000,0.0445,S,0.0090,1
49.0280,63426,3,Window_49.000,3/3,COMPLETE,6.00,50.00,2.00,1000,0.0000,0.0125,0.0000,0.0407,S,0.0016,1
50.0280,64515,2,Window_50.000,4/6,TIMEOUT,8.00,50.00,2.00,1000,0.0000,0.0125,0.0000,0.0585,S,0.0155,1
50.0280,64506,5,Window_50.000,6/6,COMPLETE,12.00,50.00,2.00,1000,0.0000,0.0125,0.0000,0.0502,S,0.0116,1
50.0280,64511,4,Window_50.000,4/4,COMPLETE,8.00,50.00,2.00,1000,0.0000,0.0125,0.0000,0.0419,S,0.0060,1
50.0280,64523,1,Window_50.000,6/6,COMPLETE,12.00,50.00,2.00,1000,0.0000,0.0125,0.0000,0.0526,S,0.0107,1
50.0280,64513,6,Window_50.000,4/5,TIMEOUT,8.00,50.00,2.00,1000,0.0000,0.0125,0.0000,0.0544,S,0.0155,1
50.0280,64524,3,Window_50.000,3/3,COMPLETE,6.00,50.00,2.00,1000,0.0000,0.0125,0.0000,0.0426,S,0.0057,1
51.0280,65610,2,Window_51.000,5/6,TIMEOUT,10.00,50.00,2.00,1000,0.0000,0.0125,0.0000,0.0523,S,0.0155,1
51.0280,65595,5,Window_51.000,5/6,TIMEOUT,10.00,50.00,2.00,1000,0.0000,0.0125,0.0000,0.0549,S,0.0155,1
51.0280,65601,4,Window_51.000,4/4,COMPLETE,8.00,50.00,2.00,1000,0.0000,0.0125,0.0000,0.0500,S,0.0120,1
51.0280,65600,1,Window_51.000,5/6,TIMEOUT,10.00,50.00,2.00,1000,0.0000,0.0125,0.0000,0.0554,S,0.0155,1
51.0280,65617,6,Window_51.000,5/5,COMPLETE,10.00,50.00,2.00,1000,0.0000,0.0125,0.0000,0.0481,S,0.0091,1
51.0280,65608,3,Window_51.000,3/3,COMPLETE,6.00,50.00,2.00,1000,0.0000,0.0125,0.0000,0.0510,S,0.0088,1
52.0280,66700,2,Window_52.000,4/6,TIMEOUT,8.00,50.00,2.00,1000,0.0000,0.0125,0.0000,0.0554,S,0.0155,1
52.0280,66705,5,Window_52.000,6/6,COMPLETE,12.00,50.00,2.00,1000,0.0000,0.0125,0.0000,0.0505,S,0.0136,1
52.0280,66684,4,Window_52.000,3/4,TIMEOUT,6.00,50.00,2.00,1000,0.0000,0.0125,0.0000,0.0506,S,0.0155,1
52.0280,66690,1,Window_52.000,6/6,COMPLETE,12.00,50.00,2.00,1000,0.0000,0.0125,0.0000,0.0517,S,0.0134,1
52.0280,66702,6,Window_52.000,3/5,TIMEOUT,6.00,50.00,2.00,1000,0.0000,0.0125,0.0000,0.0535,S,0.0155,1
52.0280,66698,3,Window_52.000,3/3,COMPLETE,6.00,50.00,2.00,1000,0.0000,0.0125,0.0000,0.0538,S,0.0128,1
53.0280,67771,2,Window_53.000,5/6,TIMEOUT,10.00,50.00,2.00,1000,0.0000,0.0125,0.0000,0.0508,S,0.0155,1
53.0280,67775,5,Window_53.000,5/6,TIMEOUT,10.00,50.00,2.00,1000,0.0000,0.0125,0.0000,0.0562,S,0.0155,1
53.0280,67778,4,Window_53.000,3/4,TIMEOUT,6.00,50.00,2.00,1000,0.0000,0.0125,0.0000,0.0540,S,0.0155,1
53.0280,67784,1,Window_53.000,6/6,COMPLETE,12.00,50.00,2.00,1000,0.0000,0.0125,0.0000,0.0537,S,0.0146,1
53.0280,67791,6,Window_53.000,5/5,COMPLETE,10.00,50.00,2.00,1000,0.0000,0.0125,0.0000,0.0538,S,0.0141,1
53.0280,67788,3,Window_53.000,3/3,COMPLETE,6.00,50.00,2.00,1000,0.0000,0.0125,0.0000,0.0471,S,0.0142,1
54.0280,68886,2,Window_54.000,4/6,TIMEOUT,8.00,50.00,2.00,1000,0.0000,0.0125,0.0000,0.0546,S,0.0155,1
54.0280,68862,5,Window_54.000,6/6,COMPLETE,12.00,50.00,2.00,1000,0.0000,0.0125,0.0000,0.0535,S,0.0106,1
54.0280,68864,4,Window_54.000,3/4,TIMEOUT,6.00,50.00,2.00,1000,0.0000,0.0125,0.0000,0.0482,S,0.0155,1
54.0280,68867,1,Window_54.000,4/6,TIMEOUT,8.00,50.00,2.00,1000,0.0000,0.0125,0.0000,0.0553,S,0.0155,1
54.0280,68873,6,Window_54.000,5/5,COMPLETE,10.00,50.00,2.00,1000,0.0000,0.0125,0.0000,0.0565,S,0.0143,1
54.0280,68878,3,Window_54.000,3/3,COMPLETE,6.00,50.00,2.00,1000,0.0000,0.0125,0.0000,0.0379,S,0.0056,1
55.0280,69979,2,Window_55.000,6/6,COMPLETE,12.00,50.00,2.00,1000,0.0000,0.0125,0.0000,0.0531,S,0.0119,1
55.0280,69952,5,Window_55.000,6/6,COMPLETE,12.00,50.00,2.00,1000,0.0000,0.0125,0.0000,0.0481,S,0.0112,1
55.0280,69962,4,Window_55.000,3/4,TIMEOUT,6.00,50.00,2.00,1000,0.0000,0.0125,0.0000,0.0515,S,0.0155,1
55.0280,69973,1,Window_55.000,6/6,COMPLETE,12.00,50.00,2.00,1000,0.0000,0.0125,0.0000,0.0530,S,0.0123,1
55.0280,69963,6,Window_55.000,5/5,COMPLETE,10.00,50.00,2.00,1000,0.0000,0.0125,0.0000,0.0470,S,0.0087,1
55.0280,69966,3,Window_55.000,3/3,COMPLETE,6.00,50.00,2.00,1000,0.0000,0.0125,0.0000,0.0559,S,0.0146,1
56.0280,71069,2,Window_56.000,6/6,COMPLETE,12.00,50.00,2.00,1000,0.0000,0.0125,0.0000,0.0505,S,0.0149,1
56.0280,71045,5,Window_56.000,6/6,COMPLETE,12.00,50.00,2.00,1000,0.0000,0.0125,0.0000,0.0597,S,0.0145,1
56.0280,71048,4,Window_56.000,4/4,COMPLETE,8.00,50.00,2.00,1000,0.0000,0.0125,0.0000,0.0565,S,0.0143,1
56.0280,71059,1,Window_56.000,6/6,COMPLETE,12.00,50.00,2.00,1000,0.0000,0.0125,0.0000,0.0554,S,0.0154,1
56.0280,71061,6,Window_56.000,5/5,COMPLETE,10.00,50.00,2.00,1000,0.0000,0.0125,0.0000,0.0498,S,0.0114,1
56.0280,71064,3,Window_56.000,3/3,COMPLETE,6.00,50.00,2.00,1000,0.0000,0.0125,0.0000,0.0473,S,0.0111,1
57.0280,72158,2,Window_57.000,5/6,TIMEOUT,10.00,50.00,2.00,1000,0.0000,0.0125,0.0000,0.0537,S,0.0155,1
57.0280,72155,5,Window_57.000,5/6,TIMEOUT,10.00,50.00,2.00,1000,0.0000,0.0125,0.0000,0.0554,S,0.0155,1
57.0280,72142,4,Window_57.000,4/4,COMPLETE,8.00,50.00,2.00,1000,0.0000,0.0125,0.0000,0.0551,S,0.0092,1
57.0280,72140,1,Window_57.000,5/6,TIMEOUT,10.00,50.00,2.00,1000,0.0000,0.0125,0.0000,0.0595,S,0.0155,1
57.0280,72152,6,Window_57.000,4/5,TIMEOUT,8.00,50.00,2.00,1000,0.0000,0.0125,0.0000,0.0560,S,0.0155,1
57.0280,72148,3,Window_57.000,3/3,COMPLETE,6.00,50.00,2.00,1000,0.0000,0.0125,0.0000,0.0518,S,0.0098,1
58.0280,73235,2,Window_58.000,5/6,TIMEOUT,10.00,50.00,2.00,1000,0.0000,0.0125,0.0000,0.0560,S,0.0155,1
58.0280,73225,5,Window_58.000,6/6,COMPLETE,12.00,50.00,2.00,1000,0.0000,0.0125,0.0000,0.0502,S,0.0135,1
58.0280,73232,4,Window_58.000,4/4,COMPLETE,8.00,50.00,2.00,1000,0.0000,0.0125,0.0000,0.0526,S,0.0068,1
58.0280,73234,1,Window_58.000,3/6,TIMEOUT,6.00,50.00,2.00,1000,0.0000,0.0125,0.0000,0.0518,S,0.0155,1
58.0280,73247,6,Window_58.000,4/5,TIMEOUT,8.00,50.00,2.00,1000,0.0000,0.0125,0.0000,0.0524,S,0.0155,1
58.0280,73236,3,Window_58.000,3/3,COMPLETE,6.00,50.00,2.00,1000,0.0000,0.0125,0.0000,0.0492,S,0.0067,1
59.0280,74336,2,Window_59.000,5/6,TIMEOUT,10.00,50.00,2.00,1000,0.0000,0.0125,0.0000,0.0541,S,0.0155,1
59.0280,74335,5,Window_59.000,5/6,TIMEOUT,10.00,50.00,2.00,1000,0.0000,0.0125,0.0000,0.0539,S,0.0155,1
59.0280,74318,4,Window_59.000,4/4,COMPLETE,8.00,50.00,2.00,1000,0.0000,0.0125,0.0000,0.0540,S,0.0150,1
59.0280,74319,1,Window_59.000,6/6,COMPLETE,12.00,50.00,2.00,1000,0.0000,0.0125,0.0000,0.0554,S,0.0142,1
59.0280,74332,6,Window_59.000,3/5,TIMEOUT,6.00,50.00,2.00,1000,0.0000,0.0125,0.0000,0.0540,S,0.0155,1
59.0280,74326,3,Window_59.000,2/3,TIMEOUT,4.00,50.00,2.00,1000,0.0000,0.0125,0.0000,0.0522,S,0.0155,1
60.0280,75420,2,Window_60.000,6/6,COMPLETE,12.00,50.00,2.00,1000,0.0000,0.0125,0.0000,0.0486,S,0.0090,1
60.0280,75425,5,Window_60.000,5/6,TIMEOUT,10.00,50.00,2.00,1000,0.0000,0.0125,0.0000,0.0554,S,0.0155,1
60.0280,75404,4,Window_60.000,4/4,COMPLETE,8.00,50.00,2.00,1000,0.0000,0.0125,0.0000,0.0505,S,0.0085,1
60.0280,75419,1,Window_60.000,3/6,TIMEOUT,6.00,50.00,2.00,1000,0.0000,0.0125,0.0000,0.0556,S,0.0155,1
60.0280,75427,6,Window_60.000,4/5,TIMEOUT,8.00,50.00,2.00,1000,0.0000,0.0125,0.0000,0.0520,S,0.0155,1
60.0280,75418,3,Window_60.000,2/3,TIMEOUT,4.00,50.00,2.00,1000,0.0000,0.0125,0.0000,0.0508,S,0.0155,1
61.0280,76516,2,Window_61.000,5/6,TIMEOUT,10.00,50.00,2.00,1000,0.0000,0.0125,0.0000,0.0541,S,0.0155,1
61.0280,76492,5,Window_61.000,4/6,TIMEOUT,8.00,50.00,2.00,1000,0.0000,0.0125,0.0000,0.0529,S,0.0155,1
61.0280,76494,4,Window_61.000,4/4,COMPLETE,8.00,50.00,2.00,1000,0.0000,0.0125,0.0000,0.0569,S,0.0152,1
61.0280,76509,1,Window_61.000,6/6,COMPLETE,12.00,50.00,2.00,1000,0.0000,0.0125,0.0000,0.0510,S,0.0149,1
61.0280,76503,6,Window_61.000,5/5,COMPLETE,10.00,50.00,2.00,1000,0.0000,0.0125,0.0000,0.0523,S,0.0120,1
61.0280,76514,3,Window_61.000,3/3,COMPLETE,6.00,50.00,2.00,1000,0.0000,0.0125,0.0000,0.0409,S,0.0072,1
62.0280,77581,2,Window_62.000,5/6,TIMEOUT,10.00,50.00,2.00,1000,0.0000,0.0125,0.0000,0.0532,S,0.0155,1
62.0280,77605,5,Window_62.000,5/6,TIMEOUT,10.00,50.00,2.00,1000,0.0000,0.0125,0.0000,0.0554,S,0.0155,1
62.0280,77588,4,Window_62.000,3/4,TIMEOUT,6.00,50.00,2.00,1000,0.0000,0.0125,0.0000,0.0530,S,0.0155,1
62.0280,77587,1,Window_62.000,6/6,COMPLETE,12.00,50.00,2.00,1000,0.0000,0.0125,0.0000,0.0530,S,0.0148,1
62.0280,77593,6,Window_62.000,4/5,TIMEOUT,8.00,50.00,2.00,1000,0.0000,0.0125,0.0000,0.0516,S,0.0155,1
62.0280,77596,3,Window_62.000,2/3,TIMEOUT,4.00,50.00,2.00,1000,0.0000,0.0125,0.0000,0.0466,S,0.0155,1
63.0280,78685,2,Window_63.000,5/6,TIMEOUT,10.00,50.00,2.00,1000,0.0000,0.0125,0.0000,0.0537,S,0.0155,1
63.0280,78700,5,Window_63.000,3/6,TIMEOUT,6.00,50.00,2.00,1000,0.0000,0.0125,0.0000,0.0541,S,0.0155,1
63.0280,78674,4,Window_63.000,4/4,COMPLETE,8.00,50.00,2.00,1000,0.0000,0.0125,0.0000,0.0546,S,0.0094,1
63.0280,78689,1,Window_63.000,6/6,COMPLETE,12.00,50.00,2.00,1000,0.0000,0.0125,0.0000,0.0512,S,0.0088,1
63.0280,78691,6,Window_63.000,5/5,COMPLETE,10.00,50.00,2.00,1000,0.0000,0.0125,0.0000,0.0480,S,0.0103,1
63.0280,78686,3,Window_63.000,2/3,TIMEOUT,4.00,50.00,2.00,1000,0.0000,0.0125,0.0000,0.0517,S,0.0155,1
64.0280,79786,2,Window_64.000,6/6,COMPLETE,12.00,50.00,2.00,1000,0.0000,0.0125,0.0000,0.0489,S,0.0094,1
64.0280,79785,5,Window_64.000,4/6,TIMEOUT,8.00,50.00,2.00,1000,0.0000,0.0125,0.0000,0.0526,S,0.0155,1
64.0280,79764,4,Window_64.000,4/4,COMPLETE,8.00,50.00,2.00,1000,0.0000,0.0125,0.0000,0.0470,S,0.0120,1
64.0280,79767,1,Window_64.000,6/6,COMPLETE,12.00,50.00,2.00,1000,0.0000,0.0125,0.0000,0.0546,S,0.0151,1
64.0280,79782,6,Window_64.000,5/5,COMPLETE,10.00,50.00,2.00,1000,0.0000,0.0125,0.0000,0.0541,S,0.0126,1
64.0280,79776,3,Window_64.000,2/3,TIMEOUT,4.00,50.00,2.00,1000,0.0000,0.0125,0.0000,0.0553,S,0.0155,1
65.0280,80878,2,Window_65.000,6/6,COMPLETE,12.00,50.00,2.00,1000,0.0000,0.0125,0.0000,0.0438,S,0.0078,1
65.0280,80880,5,Window_65.000,4/6,TIMEOUT,8.00,50.00,2.00,1000,0.0000,0.0125,0.0000,0.0544,S,0.0155,1
65.0280,80858,4,Window_65.000,4/4,COMPLETE,8.00,50.00,2.00,1000,0.0000,0.0125,0.0000,0.0514,S,0.0121,1
65.0280,80859,1,Window_65.000,3/6,TIMEOUT,6.00,50.00,2.00,1000,0.0000,0.0125,0.0000,0.0501,S,0.0155,1
65.0280,80871,6,Window_65.000,5/5,COMPLETE,10.00,50.00,2.00,1000,0.0000,0.0125,0.0000,0.0495,S,0.0041,1
65.0280,80868,3,Window_65.000,3/3,COMPLETE,6.00,50.00,2.00,1000,0.0000,0.0125,0.0000,0.0420,S,0.0023,1
66.0280,81955,2,Window_66.000,6/6,COMPLETE,12.00,50.00,2.00,1000,0.0000,0.0125,0.0000,0.0515,S,0.0134,1
66.0280,81945,5,Window_66.000,4/6,TIMEOUT,8.00,50.00,2.00,1000,0.0000,0.0125,0.0000,0.0527,S,0.0155,1
66.0280,81944,4,Window_66.000,3/4,TIMEOUT,6.00,50.00,2.00,1000,0.0000,0.0125,0.0000,0.0530,S,0.0155,1
66.0280,81950,1,Window_66.000,6/6,COMPLETE,12.00,50.00,2.00,1000,0.0000,0.0125,0.0000,0.0467,S,0.0077,1
66.0280,81967,6,Window_66.000,5/5,COMPLETE,10.00,50.00,2.00,1000,0.0000,0.0125,0.0000,0.0460,S,0.0081,1
66.0280,81956,3,Window_66.000,3/3,COMPLETE,6.00,50.00,2.00,1000,0.0000,0.0125,0.0000,0.0471,S,0.0036,1
67.0280,83050,2,Window_67.000,4/6,TIMEOUT,8.00,50.00,2.00,1000,0.0000,0.0125,0.0000,0.0511,S,0.0155,1
67.0280,83060,5,Window_67.000,6/6,COMPLETE,12.00,50.00,2.00,1000,0.0000,0.0125,0.0000,0.0546,S,0.0144,1
67.0280,83041,4,Window_67.000,4/4,COMPLETE,8.00,50.00,2.00,1000,0.0000,0.0125,0.0000,0.0473,S,0.0110,1
67.0280,83044,1,Window_67.000,2/6,TIMEOUT,4.00,50.00,2.00,1000,0.0000,0.0125,0.0000,0.0486,S,0.0155,1
67.0280,83052,6,Window_67.000,2/5,TIMEOUT,4.00,50.00,2.00,1000,0.0000,0.0125,0.0000,0.0519,S,0.0155,1
67.0280,83046,3,Window_67.000,3/3,COMPLETE,6.00,50.00,2.00,1000,0.0000,0.0125,0.0000,0.0466,S,0.0141,1
68.0280,84135,2,Window_68.000,5/6,TIMEOUT,10.00,50.00,2.00,1000,0.0000,0.0125,0.0000,0.0540,S,0.0155,1
68.0280,84123,5,Window_68.000,6/6,COMPLETE,12.00,50.00,2.00,1000,0.0000,0.0125,0.0000,0.0522,S,0.0119,1
68.0280,84128,4,Window_68.000,4/4,COMPLETE,8.00,50.00,2.00,1000,0.0000,0.0125,0.0000,0.0525,S,0.0139,1
68.0280,84130,1,Window_68.000,6/6,COMPLETE,12.00,50.00,2.00,1000,0.0000,0.0125,0.0000,0.0521,S,0.0131,1
68.0280,84133,6,Window_68.000,4/5,TIMEOUT,8.00,50.00,2.00,1000,0.0000,0.0125,0.0000,0.0516,S,0.0155,1
68.0280,84136,3,Window_68.000,2/3,TIMEOUT,4.00,50.00,2.00,1000,0.0000,0.0125,0.0000,0.0516,S,0.0155,1
69.0280,85225,2,Window_69.000,5/6,TIMEOUT,10.00,50.00,2.00,1000,0.0000,0.0125,0.0000,0.0548,S,0.0155,1
69.0280,85215,5,Window_69.000,6/6,COMPLETE,12.00,50.00,2.00,1000,0.0000,0.0125,0.0000,0.0499,S,0.0138,1
69.0280,85218,4,Window_69.000,4/4,COMPLETE,8.00,50.00,2.00,1000,0.0000,0.0125,0.0000,0.0507,S,0.0140,1
69.0280,85219,1,Window_69.000,5/6,TIMEOUT,10.00,50.00,2.00,1000,0.0000,0.0125,0.0000,0.0551,S,0.0155,1
69.0280,85237,6,Window_69.000,5/5,COMPLETE,10.00,50.00,2.00,1000,0.0000,0.0125,0.0000,0.0522,S,0.0080,1
69.0280,85228,3,Window_69.000,2/3,TIMEOUT,4.00,50.00,2.00,1000,0.0000,0.0125,0.0000,0.0539,S,0.0155,1
70.0280,86301,2,Window_70.000,5/6,TIMEOUT,10.00,50.00,2.00,1000,0.0000,0.0125,0.0000,0.0549,S,0.0155,1
70.0280,86302,5,Window_70.000,4/6,TIMEOUT,8.00,50.00,2.00,1000,0.0000,0.0125,0.0000,0.0549,S,0.0155,1
70.0280,86308,4,Window_70.000,4/4,COMPLETE,8.00,50.00,2.00,1000,0.0000,0.0125,0.0000,0.0528,S,0.0123,1
70.0280,86309,1,Window_70.000,6/6,COMPLETE,12.00,50.00,2.00,1000,0.0000,0.0125,0.0000,0.0593,S,0.0149,1
70.0280,86317,6,Window_70.000,4/5,TIMEOUT,8.00,50.00,2.00,1000,0.0000,0.0125,0.0000,0.0557,S,0.0155,1
70.0280,86318,3,Window_70.000,3/3,COMPLETE,6.00,50.00,2.00,1000,0.0000,0.0125,0.0000,0.0463,S,0.0089,1
71.0280,87391,2,Window_71.000,5/6,TIMEOUT,10.00,50.00,2.00,1000,0.0000,0.0125,0.0000,0.0600,S,0.0155,1
71.0280,87393,5,Window_71.000,6/6,COMPLETE,12.00,50.00,2.00,1000,0.0000,0.0125,0.0000,0.0550,S,0.0133,1
71.0280,87402,4,Window_71.000,3/4,TIMEOUT,6.00,50.00,2.00,1000,0.0000,0.0125,0.0000,0.0492,S,0.0155,1
71.0280,87413,1,Window_71.000,3/6,TIMEOUT,6.00,50.00,2.00,1000,0.0000,0.0125,0.0000,0.0532,S,0.0155,1
71.0280,87407,6,Window_71.000,5/5,COMPLETE,10.00,50.00,2.00,1000,0.0000,0.0125,0.0000,0.0568,S,0.0137,1
71.0280,87408,3,Window_71.000,3/3,COMPLETE,6.00,50.00,2.00,1000,0.0000,0.0125,0.0000,0.0446,S,0.0077,1
72.0280,88506,2,Window_72.000,5/6,TIMEOUT,10.00,50.00,2.00,1000,0.0000,0.0125,0.0000,0.0573,S,0.0155,1
72.0280,88482,5,Window_72.000,6/6,COMPLETE,12.00,50.00,2.00,1000,0.0000,0.0125,0.0000,0.0549,S,0.0142,1
72.0280,88488,4,Window_72.000,4/4,COMPLETE,8.00,50.00,2.00,1000,0.0000,0.0125,0.0000,0.0420,S,0.0051,1
72.0280,88490,1,Window_72.000,5/6,TIMEOUT,10.00,50.00,2.00,1000,0.0000,0.0125,0.0000,0.0554,S,0.0155,1
72.0280,88507,6,Window_72.000,5/5,COMPLETE,10.00,50.00,2.00,1000,0.0000,0.0125,0.0000,0.0551,S,0.0087,1
72.0280,88496,3,Window_72.000,3/3,COMPLETE,6.00,50.00,2.00,1000,0.0000,0.0125,0.0000,0.0459,S,0.0084,1
73.0280,89585,2,Window_73.000,5/6,TIMEOUT,10.00,50.00,2.00,1000,0.0000,0.0125,0.0000,0.0527,S,0.0155,1
73.0280,89595,5,Window_73.000,6/6,COMPLETE,12.00,50.00,2.00,1000,0.0000,0.0125,0.0000,0.0524,S,0.0136,1
73.0280,89578,4,Window_73.000,4/4,COMPLETE,8.00,50.00,2.00,1000,0.0000,0.0125,0.0000,0.0443,S,0.0087,1
73.0280,89579,1,Window_73.000,5/6,TIMEOUT,10.00,50.00,2.00,1000,0.0000,0.0125,0.0000,0.0547,S,0.0155,1
73.0280,89587,6,Window_73.000,3/5,TIMEOUT,6.00,50.00,2.00,1000,0.0000,0.0125,0.0000,0.0505,S,0.0155,1
73.0280,89586,3,Window_73.000,2/3,TIMEOUT,4.00,50.00,2.00,1000,0.0000,0.0125,0.0000,0.0515,S,0.0155,1
74.0280,90661,2,Window_74.000,6/6,COMPLETE,12.00,50.00,2.00,1000,0.0000,0.0125,0.0000,0.0503,S,0.0062,1
74.0280,90690,5,Window_74.000,4/6,TIMEOUT,8.00,50.00,2.00,1000,0.0000,0.0125,0.0000,0.0513,S,0.0155,1
74.0280,90671,4,Window_74.000,4/4,COMPLETE,8.00,50.00,2.00,1000,0.0000,0.0125,0.0000,0.0528,S,0.0094,1
74.0280,90674,1,Window_74.000,6/6,COMPLETE,12.00,50.00,2.00,1000,0.0000,0.0125,0.0000,0.0519,S,0.0130,1
74.0280,90687,6,Window_74.000,5/5,COMPLETE,10.00,50.00,2.00,1000,0.0000,0.0125,0.0000,0.0571,S,0.0124,1
74.0280,90676,3,Window_74.000,3/3,COMPLETE,6.00,50.00,2.00,1000,0.0000,0.0125,0.0000,0.0439,S,0.0106,1
75.0280,91770,2,Window_75.000,5/6,TIMEOUT,10.00,50.00,2.00,1000,0.0000,0.0125,0.0000,0.0569,S,0.0155,1
75.0280,91756,5,Window_75.000,6/6,COMPLETE,12.00,50.00,2.00,1000,0.0000,0.0125,0.0000,0.0548,S,0.0073,1
75.0280,91754,4,Window_75.000,4/4,COMPLETE,8.00,50.00,2.00,1000,0.0000,0.0125,0.0000,0.0455,S,0.0037,1
75.0280,91759,1,Window_75.000,5/6,TIMEOUT,10.00,50.00,2.00,1000,0.0000,0.0125,0.0000,0.0519,S,0.0155,1
75.0280,91763,6,Window_75.000,5/5,COMPLETE,10.00,50.00,2.00,1000,0.0000,0.0125,0.0000,0.0532,S,0.0111,1
75.0280,91766,3,Window_75.000,3/3,COMPLETE,6.00,50.00,2.00,1000,0.0000,0.0125,0.0000,0.0427,S,0.0068,1
76.0280,92869,2,Window_76.000,3/6,TIMEOUT,6.00,50.00,2.00,1000,0.0000,0.0125,0.0000,0.0489,S,0.0155,1
76.0280,92846,5,Window_76.000,4/6,TIMEOUT,8.00,50.00,2.00,1000,0.0000,0.0125,0.0000,0.0517,S,0.0155,1
76.0280,92844,4,Window_76.000,4/4,COMPLETE,8.00,50.00,2.00,1000,0.0000,0.0125,0.0000,0.0495,S,0.0123,1
76.0280,92847,1,Window_76.000,6/6,COMPLETE,12.00,50.00,2.00,1000,0.0000,0.0125,0.0000,0.0522,S,0.0113,1
76.0280,92861,6,Window_76.000,4/5,TIMEOUT,8.00,50.00,2.00,1000,0.0000,0.0125,0.0000,0.0537,S,0.0155,1
76.0280,92856,3,Window_76.000,3/3,COMPLETE,6.00,50.00,2.00,1000,0.0000,0.0125,0.0000,0.0451,S,0.0025,1
77.0280,93956,2,Window_77.000,6/6,COMPLETE,12.00,50.00,2.00,1000,0.0000,0.0125,0.0000,0.0588,S,0.0137,1
77.0280,93936,5,Window_77.000,4/6,TIMEOUT,8.00,50.00,2.00,1000,0.0000,0.0125,0.0000,0.0492,S,0.0155,1
77.0280,93934,4,Window_77.000,3/4,TIMEOUT,6.00,50.00,2.00,1000,0.0000,0.0125,0.0000,0.0581,S,0.0155,1
77.0280,93937,1,Window_77.000,6/6,COMPLETE,12.00,50.00,2.00,1000,0.0000,0.0125,0.0000,0.0494,S,0.0057,1
77.0280,93943,6,Window_77.000,5/5,COMPLETE,10.00,50.00,2.00,1000,0.0000,0.0125,0.0000,0.0528,S,0.0130,1
77.0280,93946,3,Window_77.000,2/3,TIMEOUT,4.00,50.00,2.00,1000,0.0000,0.0125,0.0000,0.0579,S,0.0155,1
78.0280,95021,2,Window_78.000,6/6,COMPLETE,12.00,50.00,2.00,1000,0.0000,0.0125,0.0000,0.0467,S,0.0110,1
78.0280,95045,5,Window_78.000,5/6,TIMEOUT,10.00,50.00,2.00,1000,0.0000,0.0125,0.0000,0.0563,S,0.0155,1
78.0280,95031,4,Window_78.000,4/4,COMPLETE,8.00,50.00,2.00,1000,0.0000,0.0125,0.0000,0.0459,S,0.0046,1
78.0280,95034,1,Window_78.000,6/6,COMPLETE,12.00,50.00,2.00,1000,0.0000,0.0125,0.0000,0.0568,S,0.0139,1
78.0280,95041,6,Window_78.000,5/5,COMPLETE,10.00,50.00,2.00,1000,0.0000,0.0125,0.0000,0.0497,S,0.0072,1
78.0280,95038,3,Window_78.000,3/3,COMPLETE,6.00,50.00,2.00,1000,0.0000,0.0125,0.0000,0.0458,S,0.0079,1
79.0280,96111,2,Window_79.000,4/6,TIMEOUT,8.00,50.00,2.00,1000,0.0000,0.0125,0.0000,0.0558,S,0.0155,1
79.0280,96113,5,Window_79.000,5/6,TIMEOUT,10.00,50.00,2.00,1000,0.0000,0.0125,0.0000,0.0557,S,0.0155,1
79.0280,96121,4,Window_79.000,4/4,COMPLETE,8.00,50.00,2.00,1000,0.0000,0.0125,0.0000,0.0494,S,0.0111,1
79.0280,96133,1,Window_79.000,6/6,COMPLETE,12.00,50.00,2.00,1000,0.0000,0.0125,0.0000,0.0538,S,0.0126,1
79.0280,96137,6,Window_79.000,5/5,COMPLETE,10.00,50.00,2.00,1000,0.0000,0.0125,0.0000,0.0572,S,0.0153,1
79.0280,96128,3,Window_79.000,3/3,COMPLETE,6.00,50.00,2.00,1000,0.0000,0.0125,0.0000,0.0525,S,0.0119,1
80.0280,97226,2,Window_80.000,5/6,TIMEOUT,10.00,50.00,2.00,1000,0.0000,0.0125,0.0000,0.0516,S,0.0155,1
80.0280,97203,5,Window_80.000,6/6,COMPLETE,12.00,50.00,2.00,1000,0.0000,0.0125,0.0000,0.0560,S,0.0146,1
80.0280,97208,4,Window_80.000,2/4,TIMEOUT,4.00,50.00,2.00,1000,0.0000,0.0125,0.0000,0.0467,S,0.0155,1
80.0280,97214,1,Window_80.000,5/6,TIMEOUT,10.00,50.00,2.00,1000,0.0000,0.0125,0.0000,0.0535,S,0.0155,1
80.0280,97213,6,Window_80.000,4/5,TIMEOUT,8.00,50.00,2.00,1000,0.0000,0.0125,0.0000,0.0519,S,0.0155,1
80.0280,97224,3,Window_80.000,2/3,TIMEOUT,4.00,50.00,2.00,1000,0.0000,0.0125,0.0000,0.0540,S,0.0155,1
81.0280,98291,2,Window_81.000,6/6,COMPLETE,12.00,50.00,2.00,1000,0.0000,0.0125,0.0000,0.0578,S,0.0122,1
81.0280,98295,5,Window_81.000,6/6,COMPLETE,12.00,50.00,2.00,1000,0.0000,0.0125,0.0000,0.0534,S,0.0155,1
81.0280,98302,4,Window_81.000,4/4,COMPLETE,8.00,50.00,2.00,1000,0.0000,0.0125,0.0000,0.0461,S,0.0114,1
81.0280,98313,1,Window_81.000,6/6,COMPLETE,12.00,50.00,2.00,1000,0.0000,0.0125,0.0000,0.0525,S,0.0152,1
81.0280,98307,6,Window_81.000,5/5,COMPLETE,10.00,50.00,2.00,1000,0.0000,0.0125,0.0000,0.0486,S,0.0085,1
81.0280,98306,3,Window_81.000,3/3,COMPLETE,6.00,50.00,2.00,1000,0.0000,0.0125,0.0000,0.0487,S,0.0093,1
82.0280,99406,2,Window_82.000,6/6,COMPLETE,12.00,50.00,2.00,1000,0.0000,0.0125,0.0000,0.0536,S,0.0152,1
82.0280,99385,5,Window_82.000,6/6,COMPLETE,12.00,50.00,2.00,1000,0.0000,0.0125,0.0000,0.0574,S,0.0128,1
82.0280,99391,4,Window_82.000,3/4,TIMEOUT,6.00,50.00,2.00,1000,0.0000,0.0125,0.0000,0.0499,S,0.0155,1
82.0280,99389,1,Window_82.000,5/6,TIMEOUT,10.00,50.00,2.00,1000,0.0000,0.0125,0.0000,0.0558,S,0.0155,1
82.0280,99402,6,Window_82.000,5/5,COMPLETE,10.00,50.00,2.00,1000,0.0000,0.0125,0.0000,0.0538,S,0.0152,1
82.0280,99396,3,Window_82.000,3/3,COMPLETE,6.00,50.00,2.00,1000,0.0000,0.0125,0.0000,0.0438,S,0.0085,1
83.0280,100490,2,Window_83.000,5/6,TIMEOUT,10.00,50.00,2.00,1000,0.0000,0.0125,0.0000,0.0524,S,0.0155,1
83.0280,100472,5,Window_83.000,4/6,TIMEOUT,8.00,50.00,2.00,1000,0.0000,0.0125,0.0000,0.0553,S,0.0155,1
83.0280,100474,4,Window_83.000,4/4,COMPLETE,8.00,50.00,2.00,1000,0.0000,0.0125,0.0000,0.0492,S,0.0145,1
83.0280,100480,1,Window_83.000,6/6,COMPLETE,12.00,50.00,2.00,1000,0.0000,0.0125,0.0000,0.0558,S,0.0133,1
83.0280,100492,6,Window_83.000,5/5,COMPLETE,10.00,50.00,2.00,1000,0.0000,0.0125,0.0000,0.0541,S,0.0110,1
83.0280,100486,3,Window_83.000,1/3,TIMEOUT,2.00,50.00,2.00,1000,0.0000,0.0125,0.0000,0.0510,S,0.0155,1
84.0280,101586,2,Window_84.000,6/6,COMPLETE,12.00,50.00,2.00,1000,0.0000,0.0125,0.0000,0.0484,S,0.0121,1
84.0280,101565,5,Window_84.000,5/6,TIMEOUT,10.00,50.00,2.00,1000,0.0000,0.0125,0.0000,0.0546,S,0.0155,1
84.0280,101568,4,Window_84.000,3/4,TIMEOUT,6.00,50.00,2.00,1000,0.0000,0.0125,0.0000,0.0523,S,0.0155,1
84.0280,101570,1,Window_84.000,3/6,TIMEOUT,6.00,50.00,2.00,1000,0.0000,0.0125,0.0000,0.0515,S,0.0155,1
84.0280,101577,6,Window_84.000,3/5,TIMEOUT,6.00,50.00,2.00,1000,0.0000,0.0125,0.0000,0.0527,S,0.0155,1
84.0280,101576,3,Window_84.000,3/3,COMPLETE,6.00,50.00,2.00,1000,0.0000,0.0125,0.0000,0.0571,S,0.0142,1
85.0280,102665,2,Window_85.000,5/6,TIMEOUT,10.00,50.00,2.00,1000,0.0000,0.0125,0.0000,0.0524,S,0.0155,1
85.0280,102656,5,Window_85.000,2/6,TIMEOUT,4.00,50.00,2.00,1000,0.0000,0.0125,0.0000,0.0505,S,0.0155,1
85.0280,102662,4,Window_85.000,2/4,TIMEOUT,4.00,50.00,2.00,1000,0.0000,0.0125,0.0000,0.0450,S,0.0155,1
85.0280,102660,1,Window_85.000,5/6,TIMEOUT,10.00,50.00,2.00,1000,0.0000,0.0125,0.0000,0.0554,S,0.0155,1
85.0280,102667,6,Window_85.000,5/5,COMPLETE,10.00,50.00,2.00,1000,0.0000,0.0125,0.0000,0.0481,S,0.0087,1
85.0280,102668,3,Window_85.000,3/3,COMPLETE,6.00,50.00,2.00,1000,0.0000,0.0125,0.0000,0.0466,S,0.0038,1
86.0280,103760,2,Window_86.000,6/6,COMPLETE,12.00,50.00,2.00,1000,0.0000,0.0125,0.0000,0.0550,S,0.0144,1
86.0280,103742,5,Window_86.000,6/6,COMPLETE,12.00,50.00,2.00,1000,0.0000,0.0125,0.0000,0.0547,S,0.0148,1
86.0280,103751,4,Window_86.000,3/4,TIMEOUT,6.00,50.00,2.00,1000,0.0000,0.0125,0.0000,0.0554,S,0.0155,1
86.0280,103763,1,Window_86.000,5/6,TIMEOUT,10.00,50.00,2.00,1000,0.0000,0.0125,0.0000,0.0533,S,0.0155,1
86.0280,103757,6,Window_86.000,4/5,TIMEOUT,8.00,50.00,2.00,1000,0.0000,0.0125,0.0000,0.0526,S,0.0155,1
86.0280,103756,3,Window_86.000,3/3,COMPLETE,6.00,50.00,2.00,1000,0.0000,0.0125,0.0000,0.0377,S,0.0035,1
87.0280,104845,2,Window_87.000,6/6,COMPLETE,12.00,50.00,2.00,1000,0.0000,0.0125,0.0000,0.0523,S,0.0142,1
87.0280,104835,5,Window_87.000,5/6,TIMEOUT,10.00,50.00,2.00,1000,0.0000,0.0125,0.0000,0.0516,S,0.0155,1
87.0280,104838,4,Window_87.000,4/4,COMPLETE,8.00,50.00,2.00,1000,0.0000,0.0125,0.0000,0.0519,S,0.0130,1
87.0280,104849,1,Window_87.000,5/6,TIMEOUT,10.00,50.00,2.00,1000,0.0000,0.0125,0.0000,0.0511,S,0.0155,1
87.0280,104857,6,Window_87.000,5/5,COMPLETE,10.00,50.00,2.00,1000,0.0000,0.0125,0.0000,0.0546,S,0.0141,1
87.0280,104848,3,Window_87.000,2/3,TIMEOUT,4.00,50.00,2.00,1000,0.0000,0.0125,0.0000,0.0502,S,0.0155,1
88.0280,105948,2,Window_88.000,6/6,COMPLETE,12.00,50.00,2.00,1000,0.0000,0.0125,0.0000,0.0525,S,0.0151,1
88.0280,105922,5,Window_88.000,5/6,TIMEOUT,10.00,50.00,2.00,1000,0.0000,0.0125,0.0000,0.0587,S,0.0155,1
88.0280,105928,4,Window_88.000,4/4,COMPLETE,8.00,50.00,2.00,1000,0.0000,0.0125,0.0000,0.0439,S,0.0030,1
88.0280,105934,1,Window_88.000,6/6,COMPLETE,12.00,50.00,2.00,1000,0.0000,0.0125,0.0000,0.0516,S,0.0125,1
88.0280,105937,6,Window_88.000,5/5,COMPLETE,10.00,50.00,2.00,1000,0.0000,0.0125,0.0000,0.0466,S,0.0077,1
88.0280,105944,3,Window_88.000,3/3,COMPLETE,6.00,50.00,2.00,1000,0.0000,0.0125,0.0000,0.0443,S,0.0069,1
89.0280,107036,2,Window_89.000,6/6,COMPLETE,12.00,50.00,2.00,1000,0.0000,0.0125,0.0000,0.0502,S,0.0085,1
89.0280,107016,5,Window_89.000,4/6,TIMEOUT,8.00,50.00,2.00,1000,0.0000,0.0125,0.0000,0.0554,S,0.0155,1
89.0280,107018,4,Window_89.000,4/4,COMPLETE,8.00,50.00,2.00,1000,0.0000,0.0125,0.0000,0.0542,S,0.0155,1
89.0280,107020,1,Window_89.000,3/6,TIMEOUT,6.00,50.00,2.00,1000,0.0000,0.0125,0.0000,0.0459,S,0.0155,1
89.0280,107037,6,Window_89.000,5/5,COMPLETE,10.00,50.00,2.00,1000,0.0000,0.0125,0.0000,0.0468,S,0.0146,1
89.0280,107034,3,Window_89.000,3/3,COMPLETE,6.00,50.00,2.00,1000,0.0000,0.0125,0.0000,0.0502,S,0.0151,1
90.0280,108101,2,Window_90.000,4/6,TIMEOUT,8.00,50.00,2.00,1000,0.0000,0.0125,0.0000,0.0532,S,0.0155,1
90.0280,108105,5,Window_90.000,5/6,TIMEOUT,10.00,50.00,2.00,1000,0.0000,0.0125,0.0000,0.0489,S,0.0155,1
90.0280,108104,4,Window_90.000,3/4,TIMEOUT,6.00,50.00,2.00,1000,0.0000,0.0125,0.0000,0.0500,S,0.0155,1
90.0280,108110,1,Window_90.000,5/6,TIMEOUT,10.00,50.00,2.00,1000,0.0000,0.0125,0.0000,0.0583,S,0.0155,1
90.0280,108122,6,Window_90.000,3/5,TIMEOUT,6.00,50.00,2.00,1000,0.0000,0.0125,0.0000,0.0518,S,0.0155,1
90.0280,108124,3,Window_90.000,2/3,TIMEOUT,4.00,50.00,2.00,1000,0.0000,0.0125,0.0000,0.0464,S,0.0155,1
91.0280,109205,2,Window_91.000,5/6,TIMEOUT,10.00,50.00,2.00,1000,0.0000,0.0125,0.0000,0.0521,S,0.0155,1
91.0280,109220,5,Window_91.000,6/6,COMPLETE,12.00,50.00,2.00,1000,0.0000,0.0125,0.0000,0.0492,S,0.0104,1
91.0280,109198,4,Window_91.000,2/4,TIMEOUT,4.00,50.00,2.00,1000,0.0000,0.0125,0.0000,0.0507,S,0.0155,1
91.0280,109199,1,Window_91.000,5/6,TIMEOUT,10.00,50.00,2.00,1000,0.0000,0.0125,0.0000,0.0515,S,0.0155,1
91.0280,109217,6,Window_91.000,5/5,COMPLETE,10.00,50.00,2.00,1000,0.0000,0.0125,0.0000,0.0505,S,0.0150,1
91.0280,109214,3,Window_91.000,3/3,COMPLETE,6.00,50.00,2.00,1000,0.0000,0.0125,0.0000,0.0448,S,0.0056,1
92.0280,110308,2,Window_92.000,5/6,TIMEOUT,10.00,50.00,2.00,1000,0.0000,0.0125,0.0000,0.0573,S,0.0155,1
92.0280,110285,5,Window_92.000,4/6,TIMEOUT,8.00,50.00,2.00,1000,0.0000,0.0125,0.0000,0.0537,S,0.0155,1
92.0280,110291,4,Window_92.000,4/4,COMPLETE,8.00,50.00,2.00,1000,0.0000,0.0125,0.0000,0.0554,S,0.0142,1
92.0280,110299,1,Window_92.000,5/6,TIMEOUT,10.00,50.00,2.00,1000,0.0000,0.0125,0.0000,0.0597,S,0.0155,1
92.0280,110297,6,Window_92.000,5/5,COMPLETE,10.00,50.00,2.00,1000,0.0000,0.0125,0.0000,0.0516,S,0.0108,1
92.0280,110298,3,Window_92.000,3/3,COMPLETE,6.00,50.00,2.00,1000,0.0000,0.0125,0.0000,0.0506,S,0.0148,1
93.0280,111396,2,Window_93.000,5/6,TIMEOUT,10.00,50.00,2.00,1000,0.0000,0.0125,0.0000,0.0511,S,0.0155,1
93.0280,111376,5,Window_93.000,6/6,COMPLETE,12.00,50.00,2.00,1000,0.0000,0.0125,0.0000,0.0506,S,0.0114,1
93.0280,111382,4,Window_93.000,3/4,TIMEOUT,6.00,50.00,2.00,1000,0.0000,0.0125,0.0000,0.0520,S,0.0155,1
93.0280,111380,1,Window_93.000,6/6,COMPLETE,12.00,50.00,2.00,1000,0.0000,0.0125,0.0000,0.0524,S,0.0144,1
93.0280,111397,6,Window_93.000,3/5,TIMEOUT,6.00,50.00,2.00,1000,0.0000,0.0125,0.0000,0.0548,S,0.0155,1
93.0280,111386,3,Window_93.000,3/3,COMPLETE,6.00,50.00,2.00,1000,0.0000,0.0125,0.0000,0.0509,S,0.0124,1
94.0280,112486,2,Window_94.000,5/6,TIMEOUT,10.00,50.00,2.00,1000,0.0000,0.0125,0.0000,0.0590,S,0.0155,1
94.0280,112485,5,Window_94.000,4/6,TIMEOUT,8.00,50.00,2.00,1000,0.0000,0.0125,0.0000,0.0548,S,0.0155,1
94.0280,112468,4,Window_94.000,3/4,TIMEOUT,6.00,50.00,2.00,1000,0.0000,0.0125,0.0000,0.0514,S,0.0155,1
94.0280,112470,1,Window_94.000,4/6,TIMEOUT,8.00,50.00,2.00,1000,0.0000,0.0125,0.0000,0.0580,S,0.0155,1
94.0280,112482,6,Window_94.000,5/5,COMPLETE,10.00,50.00,2.00,1000,0.0000,0.0125,0.0000,0.0472,S,0.0092,1
94.0280,112476,3,Window_94.000,1/3,TIMEOUT,2.00,50.00,2.00,1000,0.0000,0.0125,0.0000,0.0512,S,0.0155,1
95.0280,113579,2,Window_95.000,6/6,COMPLETE,12.00,50.00,2.00,1000,0.0000,0.0125,0.0000,0.0506,S,0.0126,1
95.0280,113555,5,Window_95.000,6/6,COMPLETE,12.00,50.00,2.00,1000,0.0000,0.0125,0.0000,0.0479,S,0.0080,1
95.0280,113558,4,Window_95.000,2/4,TIMEOUT,4.00,50.00,2.00,1000,0.0000,0.0125,0.0000,0.0527,S,0.0155,1
95.0280,113557,1,Window_95.000,5/6,TIMEOUT,10.00,50.00,2.00,1000,0.0000,0.0125,0.0000,0.0514,S,0.0155,1
95.0280,113572,6,Window_95.000,5/5,COMPLETE,10.00,50.00,2.00,1000,0.0000,0.0125,0.0000,0.0506,S,0.0131,1
95.0280,113566,3,Window_95.000,2/3,TIMEOUT,4.00,50.00,2.00,1000,0.0000,0.0125,0.0000,0.0559,S,0.0155,1
96.0280,114669,2,Window_96.000,5/6,TIMEOUT,10.00,50.00,2.00,1000,0.0000,0.0125,0.0000,0.0523,S,0.0155,1
96.0280,114665,5,Window_96.000,5/6,TIMEOUT,10.00,50.00,2.00,1000,0.0000,0.0125,0.0000,0.0517,S,0.0155,1
96.0280,114644,4,Window_96.000,3/4,TIMEOUT,6.00,50.00,2.00,1000,0.0000,0.0125,0.0000,0.0488,S,0.0155,1
96.0280,114654,1,Window_96.000,6/6,COMPLETE,12.00,50.00,2.00,1000,0.0000,0.0125,0.0000,0.0444,S,0.0057,1
96.0280,114653,6,Window_96.000,3/5,TIMEOUT,6.00,50.00,2.00,1000,0.0000,0.0125,0.0000,0.0532,S,0.0155,1
96.0280,114658,3,Window_96.000,3/3,COMPLETE,6.00,50.00,2.00,1000,0.0000,0.0125,0.0000,0.0369,S,0.0009,1
97.0280,115750,2,Window_97.000,4/6,TIMEOUT,8.00,50.00,2.00,1000,0.0000,0.0125,0.0000,0.0519,S,0.0155,1
97.0280,115732,5,Window_97.000,6/6,COMPLETE,12.00,50.00,2.00,1000,0.0000,0.0125,0.0000,0.0540,S,0.0154,1
97.0280,115738,4,Window_97.000,4/4,COMPLETE,8.00,50.00,2.00,1000,0.0000,0.0125,0.0000,0.0452,S,0.0078,1
97.0280,115739,1,Window_97.000,5/6,TIMEOUT,10.00,50.00,2.00,1000,0.0000,0.0125,0.0000,0.0564,S,0.0155,1
97.0280,115743,6,Window_97.000,5/5,COMPLETE,10.00,50.00,2.00,1000,0.0000,0.0125,0.0000,0.0526,S,0.0117,1
97.0280,115746,3,Window_97.000,3/3,COMPLETE,6.00,50.00,2.00,1000,0.0000,0.0125,0.0000,0.0419,S,0.0073,1
98.0280,116821,2,Window_98.000,3/6,TIMEOUT,6.00,50.00,2.00,1000,0.0000,0.0125,0.0000,0.0512,S,0.0155,1
98.0280,116823,5,Window_98.000,6/6,COMPLETE,12.00,50.00,2.00,1000,0.0000,0.0125,0.0000,0.0452,S,0.0116,1
98.0280,116831,4,Window_98.000,2/4,TIMEOUT,4.00,50.00,2.00,1000,0.0000,0.0125,0.0000,0.0579,S,0.0155,1
98.0280,116827,1,Window_98.000,5/6,TIMEOUT,10.00,50.00,2.00,1000,0.0000,0.0125,0.0000,0.0558,S,0.0155,1
98.0280,116842,6,Window_98.000,4/5,TIMEOUT,8.00,50.00,2.00,1000,0.0000,0.0125,0.0000,0.0523,S,0.0155,1
98.0280,116838,3,Window_98.000,3/3,COMPLETE,6.00,50.00,2.00,1000,0.0000,0.0125,0.0000,0.0397,S,0.0099,1
99.0280,117939,2,Window_99.000,5/6,TIMEOUT,10.00,50.00,2.00,1000,0.0000,0.0125,0.0000,0.0532,S,0.0155,1
99.0280,117916,5,Window_99.000,4/6,TIMEOUT,8.00,50.00,2.00,1000,0.0000,0.0125,0.0000,0.0548,S,0.0155,1
99.0280,117921,4,Window_99.000,4/4,COMPLETE,8.00,50.00,2.00,1000,0.0000,0.0125,0.0000,0.0462,S,0.0077,1
99.0280,117919,1,Window_99.000,6/6,COMPLETE,12.00,50.00,2.00,1000,0.0000,0.0125,0.0000,0.0593,S,0.0128,1
99.0280,117927,6,Window_99.000,4/5,TIMEOUT,8.00,50.00,2.00,1000,0.0000,0.0125,0.0000,0.0550,S,0.0155,1
99.0280,117928,3,Window_99.000,3/3,COMPLETE,6.00,50.00,2.00,1000,0.0000,0.0125,0.0000,0.0485,S,0.0140,1
100.0280,119020,2,Window_100.000,5/6,TIMEOUT,10.00,50.00,2.00,1000,0.0000,0.0125,0.0000,0.0549,S,0.0155,1
100.0280,119005,5,Window_100.000,6/6,COMPLETE,12.00,50.00,2.00,1000,0.0000,0.0125,0.0000,0.0618,S,0.0150,1
100.0280,119011,4,Window_100.000,4/4,COMPLETE,8.00,50.00,2.00,1000,0.0000,0.0125,0.0000,0.0489,S,0.0151,1
100.0280,119019,1,Window_100.000,5/6,TIMEOUT,10.00,50.00,2.00,1000,0.0000,0.0125,0.0000,0.0515,S,0.0155,1
100.0280,119027,6,Window_100.000,4/5,TIMEOUT,8.00,50.00,2.00,1000,0.0000,0.0125,0.0000,0.0538,S,0.0155,1
100.0280,119016,3,Window_100.000,3/3,COMPLETE,6.00,50.00,2.00,1000,0.0000,0.0125,0.0000,0.0438,S,0.0084,1
101.0280,120116,2,Window_101.000,6/6,COMPLETE,12.00,50.00,2.00,1000,0.0000,0.0125,0.0000,0.0487,S,0.0125,1
101.0280,120092,5,Window_101.000,4/6,TIMEOUT,8.00,50.00,2.00,1000,0.0000,0.0125,0.0000,0.0517,S,0.0155,1
101.0280,120094,4,Window_101.000,3/4,TIMEOUT,6.00,50.00,2.00,1000,0.0000,0.0125,0.0000,0.0523,S,0.0155,1
101.0280,120109,1,Window_101.000,5/6,TIMEOUT,10.00,50.00,2.00,1000,0.0000,0.0125,0.0000,0.0556,S,0.0155,1
101.0280,120103,6,Window_101.000,5/5,COMPLETE,10.00,50.00,2.00,1000,0.0000,0.0125,0.0000,0.0511,S,0.0086,1
101.0280,120108,3,Window_101.000,3/3,COMPLETE,6.00,50.00,2.00,1000,0.0000,0.0125,0.0000,0.0480,S,0.0105,1
102.0280,121209,2,Window_102.000,6/6,COMPLETE,12.00,50.00,2.00,1000,0.0000,0.0125,0.0000,0.0501,S,0.0153,1
102.0280,121183,5,Window_102.000,5/6,TIMEOUT,10.00,50.00,2.00,1000,0.0000,0.0125,0.0000,0.0588,S,0.0155,1
102.0280,121184,4,Window_102.000,4/4,COMPLETE,8.00,50.00,2.00,1000,0.0000,0.0125,0.0000,0.0440,S,0.0114,1
102.0280,121187,1,Window_102.000,4/6,TIMEOUT,8.00,50.00,2.00,1000,0.0000,0.0125,0.0000,0.0508,S,0.0155,1
102.0280,121207,6,Window_102.000,5/5,COMPLETE,10.00,50.00,2.00,1000,0.0000,0.0125,0.0000,0.0509,S,0.0126,1
102.0280,121196,3,Window_102.000,2/3,TIMEOUT,4.00,50.00,2.00,1000,0.0000,0.0125,0.0000,0.0514,S,0.0155,1
103.0280,122285,2,Window_103.000,5/6,TIMEOUT,10.00,50.00,2.00,1000,0.0000,0.0125,0.0000,0.0533,S,0.0155,1
103.0280,122300,5,Window_103.000,5/6,TIMEOUT,10.00,50.00,2.00,1000,0.0000,0.0125,0.0000,0.0617,S,0.0155,1
103.0280,122274,4,Window_103.000,4/4,COMPLETE,8.00,50.00,2.00,1000,0.0000,0.0125,0.0000,0.0456,S,0.0087,1
103.0280,122277,1,Window_103.000,5/6,TIMEOUT,10.00,50.00,2.00,1000,0.0000,0.0125,0.0000,0.0523,S,0.0155,1
103.0280,122287,6,Window_103.000,5/5,COMPLETE,10.00,50.00,2.00,1000,0.0000,0.0125,0.0000,0.0564,S,0.0144,1
103.0280,122286,3,Window_103.000,2/3,TIMEOUT,4.00,50.00,2.00,1000,0.0000,0.0125,0.0000,0.0504,S,0.0155,1
104.0280,123389,2,Window_104.000,6/6,COMPLETE,12.00,50.00,2.00,1000,0.0000,0.0125,0.0000,0.0477,S,0.0085,1
104.0280,123390,5,Window_104.000,6/6,COMPLETE,12.00,50.00,2.00,1000,0.0000,0.0125,0.0000,0.0598,S,0.0145,1
104.0280,123372,4,Window_104.000,4/4,COMPLETE,8.00,50.00,2.00,1000,0.0000,0.0125,0.0000,0.0538,S,0.0073,1
104.0280,123379,1,Window_104.000,6/6,COMPLETE,12.00,50.00,2.00,1000,0.0000,0.0125,0.0000,0.0519,S,0.0149,1
104.0280,123382,6,Window_104.000,5/5,COMPLETE,10.00,50.00,2.00,1000,0.0000,0.0125,0.0000,0.0519,S,0.0101,1
104.0280,123376,3,Window_104.000,3/3,COMPLETE,6.00,50.00,2.00,1000,0.0000,0.0125,0.0000,0.0443,S,0.0026,1
105.0280,124451,2,Window_105.000,6/6,COMPLETE,12.00,50.00,2.00,1000,0.0000,0.0125,0.0000,0.0428,S,0.0073,1
105.0280,124453,5,Window_105.000,4/6,TIMEOUT,8.00,50.00,2.00,1000,0.0000,0.0125,0.0000,0.0503,S,0.0155,1
105.0280,124458,4,Window_105.000,3/4,TIMEOUT,6.00,50.00,2.00,1000,0.0000,0.0125,0.0000,0.0570,S,0.0155,1
105.0280,124457,1,Window_105.000,6/6,COMPLETE,12.00,50.00,2.00,1000,0.0000,0.0125,0.0000,0.0505,S,0.0099,1
105.0280,124472,6,Window_105.000,4/5,TIMEOUT,8.00,50.00,2.00,1000,0.0000,0.0125,0.0000,0.0524,S,0.0155,1
105.0280,124466,3,Window_105.000,2/3,TIMEOUT,4.00,50.00,2.00,1000,0.0000,0.0125,0.0000,0.0513,S,0.0155,1
106.0280,125541,2,Window_106.000,5/6,TIMEOUT,10.00,50.00,2.00,1000,0.0000,0.0125,0.0000,0.0548,S,0.0155,1
106.0280,125542,5,Window_106.000,5/6,TIMEOUT,10.00,50.00,2.00,1000,0.0000,0.0125,0.0000,0.0550,S,0.0155,1
106.0280,125551,4,Window_106.000,3/4,TIMEOUT,6.00,50.00,2.00,1000,0.0000,0.0125,0.0000,0.0474,S,0.0155,1
106.0280,125550,1,Window_106.000,5/6,TIMEOUT,10.00,50.00,2.00,1000,0.0000,0.0125,0.0000,0.0555,S,0.0155,1
106.0280,125562,6,Window_106.000,3/5,TIMEOUT,6.00,50.00,2.00,1000,0.0000,0.0125,0.0000,0.0536,S,0.0155,1
106.0280,125558,3,Window_106.000,3/3,COMPLETE,6.00,50.00,2.00,1000,0.0000,0.0125,0.0000,0.0501,S,0.0148,1
107.0280,126656,2,Window_107.000,5/6,TIMEOUT,10.00,50.00,2.00,1000,0.0000,0.0125,0.0000,0.0533,S,0.0155,1
107.0280,126632,5,Window_107.000,5/6,TIMEOUT,10.00,50.00,2.00,1000,0.0000,0.0125,0.0000,0.0514,S,0.0155,1
107.0280,126634,4,Window_107.000,4/4,COMPLETE,8.00,50.00,2.00,1000,0.0000,0.0125,0.0000,0.0442,S,0.0066,1
107.0280,126644,1,Window_107.000,4/6,TIMEOUT,8.00,50.00,2.00,1000,0.0000,0.0125,0.0000,0.0509,S,0.0155,1
107.0280,126657,6,Window_107.000,5/5,COMPLETE,10.00,50.00,2.00,1000,0.0000,0.0125,0.0000,0.0491,S,0.0124,1
107.0280,126648,3,Window_107.000,3/3,COMPLETE,6.00,50.00,2.00,1000,0.0000,0.0125,0.0000,0.0502,S,0.0137,1
108.0280,127748,2,Window_108.000,5/6,TIMEOUT,10.00,50.00,2.00,1000,0.0000,0.0125,0.0000,0.0497,S,0.0155,1
108.0280,127725,5,Window_108.000,5/6,TIMEOUT,10.00,50.00,2.00,1000,0.0000,0.0125,0.0000,0.0504,S,0.0155,1
108.0280,127724,4,Window_108.000,3/4,TIMEOUT,6.00,50.00,2.00,1000,0.0000,0.0125,0.0000,0.0528,S,0.0155,1
108.0280,127727,1,Window_108.000,5/6,TIMEOUT,10.00,50.00,2.00,1000,0.0000,0.0125,0.0000,0.0565,S,0.0155,1
108.0280,127737,6,Window_108.000,3/5,TIMEOUT,6.00,50.00,2.00,1000,0.0000,0.0125,0.0000,0.0530,S,0.0155,1
108.0280,127736,3,Window_108.000,3/3,COMPLETE,6.00,50.00,2.00,1000,0.0000,0.0125,0.0000,0.0466,S,0.0064,1
109.0280,128825,2,Window_109.000,4/6,TIMEOUT,8.00,50.00,2.00,1000,0.0000,0.0125,0.0000,0.0545,S,0.0155,1
109.0280,128815,5,Window_109.000,4/6,TIMEOUT,8.00,50.00,2.00,1000,0.0000,0.0125,0.0000,0.0515,S,0.0155,1
109.0280,128821,4,Window_109.000,3/4,TIMEOUT,6.00,50.00,2.00,1000,0.0000,0.0125,0.0000,0.0492,S,0.0155,1
109.0280,128833,1,Window_109.000,5/6,TIMEOUT,10.00,50.00,2.00,1000,0.0000,0.0125,0.0000,0.0498,S,0.0155,1
109.0280,128837,6,Window_109.000,4/5,TIMEOUT,8.00,50.00,2.00,1000,0.0000,0.0125,0.0000,0.0520,S,0.0155,1
109.0280,128828,3,Window_109.000,3/3,COMPLETE,6.00,50.00,2.00,1000,0.0000,0.0125,0.0000,0.0508,S,0.0122,1
110.0280,129915,2,Window_110.000,4/6,TIMEOUT,8.00,50.00,2.00,1000,0.0000,0.0125,0.0000,0.0545,S,0.0155,1
110.0280,129903,5,Window_110.000,6/6,COMPLETE,12.00,50.00,2.00,1000,0.0000,0.0125,0.0000,0.0547,S,0.0110,1
110.0280,129908,4,Window_110.000,4/4,COMPLETE,8.00,50.00,2.00,1000,0.0000,0.0125,0.0000,0.0433,S,0.0041,1
110.0280,129907,1,Window_110.000,5/6,TIMEOUT,10.00,50.00,2.00,1000,0.0000,0.0125,0.0000,0.0485,S,0.0155,1
110.0280,129921,6,Window_110.000,4/5,TIMEOUT,8.00,50.00,2.00,1000,0.0000,0.0125,0.0000,0.0534,S,0.0155,1
110.0280,129918,3,Window_110.000,3/3,COMPLETE,6.00,50.00,2.00,1000,0.0000,0.0125,0.0000,0.0543,S,0.0138,1
111.0280,130991,2,Window_111.000,1/6,TIMEOUT,2.00,50.00,2.00,1000,0.0000,0.0125,0.0000,0.0564,S,0.0155,1
111.0280,130995,5,Window_111.000,4/6,TIMEOUT,8.00,50.00,2.00,1000,0.0000,0.0125,0.0000,0.0563,S,0.0155,1
111.0280,130994,4,Window_111.000,2/4,TIMEOUT,4.00,50.00,2.00,1000,0.0000,0.0125,0.0000,0.0523,S,0.0155,1
111.0280,130999,1,Window_111.000,2/6,TIMEOUT,4.00,50.00,2.00,1000,0.0000,0.0125,0.0000,0.0577,S,0.0155,1
